date,accident_count
2012/07/01,538
2012/07/02,564
2012/07/03,664
2012/07/04,432
2012/07/05,591
2012/07/06,638
2012/07/07,490
2012/07/08,464
2012/07/09,533
2012/07/10,524
2012/07/11,565
2012/07/12,577
2012/07/13,603
2012/07/14,536
2012/07/15,494
2012/07/16,528
2012/07/17,648
2012/07/18,559
2012/07/19,522
2012/07/20,604
2012/07/21,528
2012/07/22,498
2012/07/23,505
2012/07/24,574
2012/07/25,612
2012/07/26,604
2012/07/27,638
2012/07/28,513
2012/07/29,376
2012/07/30,530
2012/07/31,540
2012/08/01,616
2012/08/02,570
2012/08/03,589
2012/08/04,568
2012/08/05,518
2012/08/06,593
2012/08/07,547
2012/08/08,528
2012/08/09,581
2012/08/10,617
2012/08/11,507
2012/08/12,505
2012/08/13,504
2012/08/14,520
2012/08/15,602
2012/08/16,613
2012/08/17,574
2012/08/18,540
2012/08/19,467
2012/08/20,473
2012/08/21,482
2012/08/22,504
2012/08/23,574
2012/08/24,601
2012/08/25,474
2012/08/26,471
2012/08/27,548
2012/08/28,587
2012/08/29,550
2012/08/30,618
2012/08/31,701
2012/09/01,515
2012/09/02,421
2012/09/03,373
2012/09/04,606
2012/09/05,601
2012/09/06,572
2012/09/07,680
2012/09/08,598
2012/09/09,464
2012/09/10,637
2012/09/11,521
2012/09/12,651
2012/09/13,632
2012/09/14,609
2012/09/15,557
2012/09/16,458
2012/09/17,452
2012/09/18,556
2012/09/19,612
2012/09/20,522
2012/09/21,654
2012/09/22,547
2012/09/23,480
2012/09/24,562
2012/09/25,594
2012/09/26,404
2012/09/27,620
2012/09/28,703
2012/09/29,485
2012/09/30,449
2012/10/01,555
2012/10/02,593
2012/10/03,502
2012/10/04,554
2012/10/05,693
2012/10/06,500
2012/10/07,481
2012/10/08,376
2012/10/09,570
2012/10/10,640
2012/10/11,657
2012/10/12,594
2012/10/13,547
2012/10/14,517
2012/10/15,607
2012/10/16,602
2012/10/17,615
2012/10/18,630
2012/10/19,738
2012/10/20,587
2012/10/21,426
2012/10/22,609
2012/10/23,522
2012/10/24,494
2012/10/25,511
2012/10/26,598
2012/10/27,524
2012/10/28,403
2012/10/29,298
2012/10/30,372
2012/10/31,549
2012/11/01,439
2012/11/02,345
2012/11/03,307
2012/11/04,344
2012/11/05,479
2012/11/06,514
2012/11/07,718
2012/11/08,550
2012/11/09,688
2012/11/10,444
2012/11/11,526
2012/11/12,547
2012/11/13,648
2012/11/14,625
2012/11/15,623
2012/11/16,672
2012/11/17,542
2012/11/18,446
2012/11/19,585
2012/11/20,671
2012/11/21,689
2012/11/22,384
2012/11/23,481
2012/11/24,458
2012/11/25,415
2012/11/26,563
2012/11/27,583
2012/11/28,512
2012/11/29,515
2012/11/30,576
2012/12/01,480
2012/12/02,455
2012/12/03,621
2012/12/04,621
2012/12/05,514
2012/12/06,620
2012/12/07,714
2012/12/08,580
2012/12/09,544
2012/12/10,619
2012/12/11,578
2012/12/12,550
2012/12/13,545
2012/12/14,648
2012/12/15,523
2012/12/16,500
2012/12/17,649
2012/12/18,645
2012/12/19,590
2012/12/20,606
2012/12/21,751
2012/12/22,542
2012/12/23,408
2012/12/24,518
2012/12/25,354
2012/12/26,531
2012/12/27,525
2012/12/28,557
2012/12/29,442
2012/12/30,411
2012/12/31,482
2013/01/01,381
2013/01/02,480
2013/01/03,549
2013/01/04,505
2013/01/05,389
2013/01/06,393
2013/01/07,521
2013/01/08,513
2013/01/09,487
2013/01/10,555
2013/01/11,660
2013/01/12,475
2013/01/13,373
2013/01/14,542
2013/01/15,516
2013/01/16,578
2013/01/17,491
2013/01/18,561
2013/01/19,484
2013/01/20,393
2013/01/21,355
2013/01/22,544
2013/01/23,545
2013/01/24,554
2013/01/25,674
2013/01/26,558
2013/01/27,429
2013/01/28,507
2013/01/29,542
2013/01/30,497
2013/01/31,592
2013/02/01,574
2013/02/02,534
2013/02/03,445
2013/02/04,553
2013/02/05,566
2013/02/06,566
2013/02/07,526
2013/02/08,703
2013/02/09,403
2013/02/10,400
2013/02/11,475
2013/02/12,498
2013/02/13,570
2013/02/14,631
2013/02/15,604
2013/02/16,449
2013/02/17,447
2013/02/18,398
2013/02/19,477
2013/02/20,510
2013/02/21,498
2013/02/22,531
2013/02/23,521
2013/02/24,426
2013/02/25,490
2013/02/26,537
2013/02/27,550
2013/02/28,517
2013/03/01,603
2013/03/02,474
2013/03/03,502
2013/03/04,597
2013/03/05,527
2013/03/06,475
2013/03/07,535
2013/03/08,851
2013/03/09,569
2013/03/10,415
2013/03/11,522
2013/03/12,547
2013/03/13,636
2013/03/14,557
2013/03/15,607
2013/03/16,521
2013/03/17,426
2013/03/18,623
2013/03/19,559
2013/03/20,540
2013/03/21,508
2013/03/22,604
2013/03/23,488
2013/03/24,451
2013/03/25,498
2013/03/26,425
2013/03/27,441
2013/03/28,549
2013/03/29,520
2013/03/30,513
2013/03/31,426
2013/04/01,479
2013/04/02,437
2013/04/03,532
2013/04/04,566
2013/04/05,582
2013/04/06,531
2013/04/07,451
2013/04/08,582
2013/04/09,613
2013/04/10,580
2013/04/11,517
2013/04/12,649
2013/04/13,555
2013/04/14,472
2013/04/15,603
2013/04/16,564
2013/04/17,535
2013/04/18,553
2013/04/19,570
2013/04/20,532
2013/04/21,471
2013/04/22,565
2013/04/23,513
2013/04/24,598
2013/04/25,583
2013/04/26,675
2013/04/27,517
2013/04/28,440
2013/04/29,598
2013/04/30,576
2013/05/01,576
2013/05/02,585
2013/05/03,686
2013/05/04,580
2013/05/05,515
2013/05/06,561
2013/05/07,592
2013/05/08,620
2013/05/09,602
2013/05/10,698
2013/05/11,523
2013/05/12,527
2013/05/13,577
2013/05/14,565
2013/05/15,532
2013/05/16,559
2013/05/17,742
2013/05/18,506
2013/05/19,544
2013/05/20,658
2013/05/21,697
2013/05/22,570
2013/05/23,735
2013/05/24,668
2013/05/25,514
2013/05/26,455
2013/05/27,420
2013/05/28,686
2013/05/29,574
2013/05/30,685
2013/05/31,736
2013/06/01,631
2013/06/02,487
2013/06/03,707
2013/06/04,613
2013/06/05,599
2013/06/06,605
2013/06/07,791
2013/06/08,571
2013/06/09,533
2013/06/10,624
2013/06/11,635
2013/06/12,615
2013/06/13,535
2013/06/14,693
2013/06/15,596
2013/06/16,477
2013/06/17,614
2013/06/18,613
2013/06/19,622
2013/06/20,681
2013/06/21,690
2013/06/22,599
2013/06/23,505
2013/06/24,680
2013/06/25,648
2013/06/26,621
2013/06/27,598
2013/06/28,608
2013/06/29,591
2013/06/30,423
2013/07/01,633
2013/07/02,601
2013/07/03,635
2013/07/04,438
2013/07/05,576
2013/07/06,516
2013/07/07,475
2013/07/08,617
2013/07/09,583
2013/07/10,614
2013/07/11,550
2013/07/12,599
2013/07/13,575
2013/07/14,471
2013/07/15,581
2013/07/16,582
2013/07/17,609
2013/07/18,636
2013/07/19,697
2013/07/20,551
2013/07/21,447
2013/07/22,591
2013/07/23,571
2013/07/24,571
2013/07/25,507
2013/07/26,617
2013/07/27,516
2013/07/28,485
2013/07/29,597
2013/07/30,584
2013/07/31,553
2013/08/01,643
2013/08/02,626
2013/08/03,492
2013/08/04,454
2013/08/05,545
2013/08/06,543
2013/08/07,508
2013/08/08,549
2013/08/09,579
2013/08/10,495
2013/08/11,481
2013/08/12,519
2013/08/13,553
2013/08/14,622
2013/08/15,599
2013/08/16,678
2013/08/17,504
2013/08/18,442
2013/08/19,462
2013/08/20,542
2013/08/21,562
2013/08/22,578
2013/08/23,636
2013/08/24,527
2013/08/25,459
2013/08/26,521
2013/08/27,507
2013/08/28,482
2013/08/29,572
2013/08/30,599
2013/08/31,480
2013/09/01,480
2013/09/02,431
2013/09/03,551
2013/09/04,604
2013/09/05,493
2013/09/06,525
2013/09/07,585
2013/09/08,500
2013/09/09,632
2013/09/10,629
2013/09/11,576
2013/09/12,695
2013/09/13,652
2013/09/14,519
2013/09/15,476
2013/09/16,570
2013/09/17,627
2013/09/18,571
2013/09/19,536
2013/09/20,631
2013/09/21,546
2013/09/22,585
2013/09/23,661
2013/09/24,615
2013/09/25,539
2013/09/26,516
2013/09/27,553
2013/09/28,547
2013/09/29,506
2013/09/30,605
2013/10/01,616
2013/10/02,647
2013/10/03,590
2013/10/04,658
2013/10/05,497
2013/10/06,404
2013/10/07,618
2013/10/08,574
2013/10/09,529
2013/10/10,559
2013/10/11,621
2013/10/12,556
2013/10/13,502
2013/10/14,440
2013/10/15,615
2013/10/16,548
2013/10/17,574
2013/10/18,680
2013/10/19,471
2013/10/20,490
2013/10/21,616
2013/10/22,540
2013/10/23,558
2013/10/24,632
2013/10/25,647
2013/10/26,626
2013/10/27,512
2013/10/28,620
2013/10/29,600
2013/10/30,558
2013/10/31,615
2013/11/01,710
2013/11/02,551
2013/11/03,415
2013/11/04,658
2013/11/05,510
2013/11/06,635
2013/11/07,646
2013/11/08,682
2013/11/09,571
2013/11/10,474
2013/11/11,456
2013/11/12,647
2013/11/13,593
2013/11/14,620
2013/11/15,617
2013/11/16,612
2013/11/17,532
2013/11/18,611
2013/11/19,600
2013/11/20,607
2013/11/21,628
2013/11/22,702
2013/11/23,536
2013/11/24,494
2013/11/25,710
2013/11/26,867
2013/11/27,742
2013/11/28,429
2013/11/29,437
2013/11/30,479
2013/12/01,420
2013/12/02,549
2013/12/03,553
2013/12/04,520
2013/12/05,573
2013/12/06,759
2013/12/07,567
2013/12/08,456
2013/12/09,639
2013/12/10,539
2013/12/11,605
2013/12/12,648
2013/12/13,695
2013/12/14,690
2013/12/15,450
2013/12/16,640
2013/12/17,703
2013/12/18,701
2013/12/19,607
2013/12/20,674
2013/12/21,594
2013/12/22,505
2013/12/23,707
2013/12/24,515
2013/12/25,257
2013/12/26,428
2013/12/27,476
2013/12/28,475
2013/12/29,394
2013/12/30,476
2013/12/31,465
2014/01/01,399
2014/01/02,603
2014/01/03,423
2014/01/04,418
2014/01/05,320
2014/01/06,518
2014/01/07,491
2014/01/08,616
2014/01/09,561
2014/01/10,667
2014/01/11,465
2014/01/12,388
2014/01/13,568
2014/01/14,559
2014/01/15,583
2014/01/16,521
2014/01/17,589
2014/01/18,448
2014/01/19,380
2014/01/20,360
2014/01/21,1161
2014/01/22,498
2014/01/23,612
2014/01/24,705
2014/01/25,475
2014/01/26,465
2014/01/27,511
2014/01/28,504
2014/01/29,649
2014/01/30,657
2014/01/31,560
2014/02/01,507
2014/02/02,417
2014/02/03,960
2014/02/04,613
2014/02/05,468
2014/02/06,569
2014/02/07,675
2014/02/08,424
2014/02/09,450
2014/02/10,678
2014/02/11,636
2014/02/12,640
2014/02/13,447
2014/02/14,792
2014/02/15,516
2014/02/16,464
2014/02/17,491
2014/02/18,518
2014/02/19,552
2014/02/20,556
2014/02/21,545
2014/02/22,587
2014/02/23,414
2014/02/24,569
2014/02/25,513
2014/02/26,511
2014/02/27,571
2014/02/28,655
2014/03/01,497
2014/03/02,344
2014/03/03,440
2014/03/04,532
2014/03/05,491
2014/03/06,558
2014/03/07,533
2014/03/08,515
2014/03/09,404
2014/03/10,513
2014/03/11,510
2014/03/12,515
2014/03/13,545
2014/03/14,585
2014/03/15,519
2014/03/16,412
2014/03/17,519
2014/03/18,551
2014/03/19,525
2014/03/20,627
2014/03/21,589
2014/03/22,493
2014/03/23,427
2014/03/24,547
2014/03/25,474
2014/03/26,563
2014/03/27,538
2014/03/28,530
2014/03/29,569
2014/03/30,437
2014/03/31,559
2014/04/01,549
2014/04/02,519
2014/04/03,592
2014/04/04,622
2014/04/05,580
2014/04/06,484
2014/04/07,533
2014/04/08,606
2014/04/09,595
2014/04/10,645
2014/04/11,609
2014/04/12,578
2014/04/13,482
2014/04/14,514
2014/04/15,452
2014/04/16,570
2014/04/17,508
2014/04/18,496
2014/04/19,525
2014/04/20,393
2014/04/21,521
2014/04/22,459
2014/04/23,536
2014/04/24,586
2014/04/25,617
2014/04/26,548
2014/04/27,449
2014/04/28,597
2014/04/29,555
2014/04/30,651
2014/05/01,650
2014/05/02,698
2014/05/03,590
2014/05/04,451
2014/05/05,618
2014/05/06,565
2014/05/07,603
2014/05/08,596
2014/05/09,584
2014/05/10,549
2014/05/11,584
2014/05/12,581
2014/05/13,560
2014/05/14,638
2014/05/15,659
2014/05/16,700
2014/05/17,619
2014/05/18,507
2014/05/19,572
2014/05/20,650
2014/05/21,575
2014/05/22,593
2014/05/23,660
2014/05/24,486
2014/05/25,472
2014/05/26,433
2014/05/27,645
2014/05/28,538
2014/05/29,663
2014/05/30,650
2014/05/31,587
2014/06/01,604
2014/06/02,643
2014/06/03,663
2014/06/04,582
2014/06/05,569
2014/06/06,743
2014/06/07,623
2014/06/08,516
2014/06/09,528
2014/06/10,569
2014/06/11,576
2014/06/12,563
2014/06/13,708
2014/06/14,613
2014/06/15,475
2014/06/16,622
2014/06/17,666
2014/06/18,663
2014/06/19,675
2014/06/20,765
2014/06/21,557
2014/06/22,477
2014/06/23,644
2014/06/24,632
2014/06/25,646
2014/06/26,670
2014/06/27,660
2014/06/28,611
2014/06/29,537
2014/06/30,610
2014/07/01,616
2014/07/02,658
2014/07/03,740
2014/07/04,360
2014/07/05,505
2014/07/06,451
2014/07/07,614
2014/07/08,594
2014/07/09,569
2014/07/10,584
2014/07/11,642
2014/07/12,550
2014/07/13,439
2014/07/14,567
2014/07/15,587
2014/07/16,551
2014/07/17,587
2014/07/18,624
2014/07/19,480
2014/07/20,451
2014/07/21,557
2014/07/22,587
2014/07/23,591
2014/07/24,539
2014/07/25,653
2014/07/26,534
2014/07/27,476
2014/07/28,595
2014/07/29,526
2014/07/30,605
2014/07/31,626
2014/08/01,667
2014/08/02,540
2014/08/03,476
2014/08/04,589
2014/08/05,606
2014/08/06,562
2014/08/07,585
2014/08/08,601
2014/08/09,538
2014/08/10,512
2014/08/11,604
2014/08/12,491
2014/08/13,572
2014/08/14,625
2014/08/15,522
2014/08/16,490
2014/08/17,476
2014/08/18,595
2014/08/19,516
2014/08/20,551
2014/08/21,567
2014/08/22,568
2014/08/23,454
2014/08/24,437
2014/08/25,549
2014/08/26,608
2014/08/27,538
2014/08/28,618
2014/08/29,631
2014/08/30,510
2014/08/31,495
2014/09/01,392
2014/09/02,700
2014/09/03,580
2014/09/04,727
2014/09/05,647
2014/09/06,553
2014/09/07,477
2014/09/08,598
2014/09/09,592
2014/09/10,618
2014/09/11,619
2014/09/12,730
2014/09/13,558
2014/09/14,528
2014/09/15,610
2014/09/16,613
2014/09/17,658
2014/09/18,650
2014/09/19,648
2014/09/20,594
2014/09/21,515
2014/09/22,662
2014/09/23,592
2014/09/24,566
2014/09/25,491
2014/09/26,643
2014/09/27,600
2014/09/28,512
2014/09/29,566
2014/09/30,589
2014/10/01,559
2014/10/02,558
2014/10/03,719
2014/10/04,531
2014/10/05,505
2014/10/06,639
2014/10/07,620
2014/10/08,639
2014/10/09,499
2014/10/10,541
2014/10/11,546
2014/10/12,473
2014/10/13,451
2014/10/14,697
2014/10/15,575
2014/10/16,602
2014/10/17,648
2014/10/18,494
2014/10/19,483
2014/10/20,591
2014/10/21,607
2014/10/22,708
2014/10/23,639
2014/10/24,669
2014/10/25,515
2014/10/26,515
2014/10/27,642
2014/10/28,571
2014/10/29,556
2014/10/30,626
2014/10/31,668
2014/11/01,656
2014/11/02,532
2014/11/03,625
2014/11/04,538
2014/11/05,554
2014/11/06,652
2014/11/07,641
2014/11/08,543
2014/11/09,419
2014/11/10,560
2014/11/11,493
2014/11/12,546
2014/11/13,696
2014/11/14,654
2014/11/15,529
2014/11/16,429
2014/11/17,666
2014/11/18,712
2014/11/19,633
2014/11/20,635
2014/11/21,677
2014/11/22,512
2014/11/23,425
2014/11/24,722
2014/11/25,599
2014/11/26,742
2014/11/27,378
2014/11/28,444
2014/11/29,394
2014/11/30,377
2014/12/01,644
2014/12/02,611
2014/12/03,569
2014/12/04,606
2014/12/05,673
2014/12/06,628
2014/12/07,493
2014/12/08,579
2014/12/09,645
2014/12/10,649
2014/12/11,669
2014/12/12,687
2014/12/13,594
2014/12/14,439
2014/12/15,720
2014/12/16,645
2014/12/17,555
2014/12/18,621
2014/12/19,652
2014/12/20,505
2014/12/21,409
2014/12/22,566
2014/12/23,732
2014/12/24,519
2014/12/25,303
2014/12/26,446
2014/12/27,406
2014/12/28,349
2014/12/29,411
2014/12/30,469
2014/12/31,461
2015/01/01,395
2015/01/02,442
2015/01/03,456
2015/01/04,381
2015/01/05,498
2015/01/06,777
2015/01/07,538
2015/01/08,573
2015/01/09,751
2015/01/10,481
2015/01/11,341
2015/01/12,580
2015/01/13,613
2015/01/14,506
2015/01/15,548
2015/01/16,563
2015/01/17,495
2015/01/18,961
2015/01/19,496
2015/01/20,500
2015/01/21,495
2015/01/22,508
2015/01/23,598
2015/01/24,428
2015/01/25,406
2015/01/26,484
2015/01/27,188
2015/01/28,458
2015/01/29,519
2015/01/30,622
2015/01/31,526
2015/02/01,361
2015/02/02,680
2015/02/03,740
2015/02/04,585
2015/02/05,569
2015/02/06,652
2015/02/07,449
2015/02/08,394
2015/02/09,547
2015/02/10,571
2015/02/11,610
2015/02/12,526
2015/02/13,757
2015/02/14,436
2015/02/15,454
2015/02/16,402
2015/02/17,620
2015/02/18,626
2015/02/19,515
2015/02/20,621
2015/02/21,517
2015/02/22,519
2015/02/23,574
2015/02/24,580
2015/02/25,628
2015/02/26,539
2015/02/27,703
2015/02/28,538
2015/03/01,693
2015/03/02,650
2015/03/03,631
2015/03/04,574
2015/03/05,830
2015/03/06,939
2015/03/07,578
2015/03/08,464
2015/03/09,661
2015/03/10,584
2015/03/11,565
2015/03/12,586
2015/03/13,609
2015/03/14,507
2015/03/15,459
2015/03/16,529
2015/03/17,528
2015/03/18,547
2015/03/19,582
2015/03/20,570
2015/03/21,507
2015/03/22,432
2015/03/23,586
2015/03/24,601
2015/03/25,538
2015/03/26,525
2015/03/27,532
2015/03/28,459
2015/03/29,505
2015/03/30,556
2015/03/31,628
2015/04/01,648
2015/04/02,653
2015/04/03,491
2015/04/04,507
2015/04/05,422
2015/04/06,510
2015/04/07,452
2015/04/08,457
2015/04/09,452
2015/04/10,486
2015/04/11,576
2015/04/12,443
2015/04/13,554
2015/04/14,542
2015/04/15,595
2015/04/16,560
2015/04/17,679
2015/04/18,605
2015/04/19,471
2015/04/20,630
2015/04/21,645
2015/04/22,568
2015/04/23,612
2015/04/24,676
2015/04/25,592
2015/04/26,477
2015/04/27,558
2015/04/28,613
2015/04/29,679
2015/04/30,640
2015/05/01,642
2015/05/02,540
2015/05/03,555
2015/05/04,641
2015/05/05,638
2015/05/06,568
2015/05/07,684
2015/05/08,709
2015/05/09,560
2015/05/10,549
2015/05/11,645
2015/05/12,684
2015/05/13,655
2015/05/14,654
2015/05/15,723
2015/05/16,650
2015/05/17,543
2015/05/18,566
2015/05/19,606
2015/05/20,666
2015/05/21,615
2015/05/22,727
2015/05/23,546
2015/05/24,432
2015/05/25,420
2015/05/26,686
2015/05/27,697
2015/05/28,682
2015/05/29,813
2015/05/30,622
2015/05/31,555
2015/06/01,691
2015/06/02,642
2015/06/03,658
2015/06/04,552
2015/06/05,692
2015/06/06,598
2015/06/07,559
2015/06/08,634
2015/06/09,652
2015/06/10,667
2015/06/11,666
2015/06/12,451
2015/06/13,395
2015/06/14,578
2015/06/15,506
2015/06/16,593
2015/06/17,706
2015/06/18,615
2015/06/19,732
2015/06/20,505
2015/06/21,620
2015/06/22,774
2015/06/23,703
2015/06/24,778
2015/06/25,670
2015/06/26,774
2015/06/27,595
2015/06/28,535
2015/06/29,662
2015/06/30,622
2015/07/01,683
2015/07/02,603
2015/07/03,549
2015/07/04,389
2015/07/05,467
2015/07/06,598
2015/07/07,646
2015/07/08,620
2015/07/09,567
2015/07/10,709
2015/07/11,597
2015/07/12,521
2015/07/13,668
2015/07/14,657
2015/07/15,611
2015/07/16,686
2015/07/17,659
2015/07/18,561
2015/07/19,545
2015/07/20,727
2015/07/21,606
2015/07/22,618
2015/07/23,623
2015/07/24,490
2015/07/25,451
2015/07/26,551
2015/07/27,626
2015/07/28,643
2015/07/29,629
2015/07/30,717
2015/07/31,753
2015/08/01,668
2015/08/02,550
2015/08/03,705
2015/08/04,666
2015/08/05,619
2015/08/06,630
2015/08/07,726
2015/08/08,545
2015/08/09,489
2015/08/10,611
2015/08/11,601
2015/08/12,643
2015/08/13,714
2015/08/14,729
2015/08/15,582
2015/08/16,552
2015/08/17,592
2015/08/18,623
2015/08/19,594
2015/08/20,600
2015/08/21,753
2015/08/22,581
2015/08/23,492
2015/08/24,575
2015/08/25,595
2015/08/26,606
2015/08/27,614
2015/08/28,609
2015/08/29,539
2015/08/30,563
2015/08/31,614
2015/09/01,626
2015/09/02,654
2015/09/03,665
2015/09/04,643
2015/09/05,541
2015/09/06,504
2015/09/07,485
2015/09/08,795
2015/09/09,740
2015/09/10,716
2015/09/11,765
2015/09/12,554
2015/09/13,478
2015/09/14,579
2015/09/15,579
2015/09/16,748
2015/09/17,744
2015/09/18,760
2015/09/19,655
2015/09/20,556
2015/09/21,624
2015/09/22,571
2015/09/23,501
2015/09/24,619
2015/09/25,585
2015/09/26,557
2015/09/27,493
2015/09/28,586
2015/09/29,557
2015/09/30,634
2015/10/01,683
2015/10/02,798
2015/10/03,556
2015/10/04,536
2015/10/05,597
2015/10/06,631
2015/10/07,668
2015/10/08,666
2015/10/09,764
2015/10/10,649
2015/10/11,559
2015/10/12,505
2015/10/13,724
2015/10/14,658
2015/10/15,683
2015/10/16,676
2015/10/17,565
2015/10/18,551
2015/10/19,667
2015/10/20,714
2015/10/21,720
2015/10/22,666
2015/10/23,742
2015/10/24,519
2015/10/25,522
2015/10/26,698
2015/10/27,631
2015/10/28,689
2015/10/29,767
2015/10/30,688
2015/10/31,357
2015/11/01,312
2015/11/02,613
2015/11/03,655
2015/11/04,672
2015/11/05,690
2015/11/06,616
2015/11/07,500
2015/11/08,472
2015/11/09,615
2015/11/10,757
2015/11/11,530
2015/11/12,637
2015/11/13,677
2015/11/14,613
2015/11/15,500
2015/11/16,618
2015/11/17,684
2015/11/18,628
2015/11/19,797
2015/11/20,819
2015/11/21,597
2015/11/22,431
2015/11/23,704
2015/11/24,733
2015/11/25,717
2015/11/26,383
2015/11/27,480
2015/11/28,508
2015/11/29,453
2015/11/30,611
2015/12/01,746
2015/12/02,655
2015/12/03,623
2015/12/04,680
2015/12/05,629
2015/12/06,485
2015/12/07,668
2015/12/08,618
2015/12/09,575
2015/12/10,668
2015/12/11,694
2015/12/12,578
2015/12/13,549
2015/12/14,637
2015/12/15,755
2015/12/16,673
2015/12/17,745
2015/12/18,767
2015/12/19,624
2015/12/20,500
2015/12/21,612
2015/12/22,699
2015/12/23,805
2015/12/24,603
2015/12/25,321
2015/12/26,395
2015/12/27,518
2015/12/28,490
2015/12/29,533
2015/12/30,501
2015/12/31,527
2016/01/01,393
2016/01/02,422
2016/01/03,432
2016/01/04,601
2016/01/05,640
2016/01/06,625
2016/01/07,542
2016/01/08,602
2016/01/09,554
2016/01/10,462
2016/01/11,680
2016/01/12,637
2016/01/13,605
2016/01/14,597
2016/01/15,722
2016/01/16,563
2016/01/17,451
2016/01/18,481
2016/01/19,662
2016/01/20,623
2016/01/21,666
2016/01/22,702
2016/01/23,402
2016/01/24,517
2016/01/25,658
2016/01/26,734
2016/01/27,670
2016/01/28,681
2016/01/29,645
2016/01/30,596
2016/01/31,532
2016/02/01,716
2016/02/02,711
2016/02/03,579
2016/02/04,609
2016/02/05,607
2016/02/06,553
2016/02/07,423
2016/02/08,501
2016/02/09,571
2016/02/10,537
2016/02/11,622
2016/02/12,628
2016/02/13,480
2016/02/14,309
2016/02/15,291
2016/02/16,615
2016/02/17,525
2016/02/18,592
2016/02/19,532
2016/02/20,555
2016/02/21,481
2016/02/22,615
2016/02/23,623
2016/02/24,660
2016/02/25,663
2016/02/26,476
2016/02/27,388
2016/02/28,509
2016/02/29,616
2016/03/01,662
2016/03/02,653
2016/03/03,625
2016/03/04,685
2016/03/05,601
2016/03/06,500
2016/03/07,571
2016/03/08,632
2016/03/09,660
2016/03/10,629
2016/03/11,672
2016/03/12,625
2016/03/13,435
2016/03/14,640
2016/03/15,608
2016/03/16,629
2016/03/17,612
2016/03/18,644
2016/03/19,540
2016/03/20,479
2016/03/21,617
2016/03/22,628
2016/03/23,621
2016/03/24,635
2016/03/25,546
2016/03/26,530
2016/03/27,459
2016/03/28,658
2016/03/29,683
2016/03/30,650
2016/03/31,652
2016/04/01,702
2016/04/02,597
2016/04/03,585
2016/04/04,683
2016/04/05,672
2016/04/06,628
2016/04/07,630
2016/04/08,696
2016/04/09,557
2016/04/10,499
2016/04/11,624
2016/04/12,638
2016/04/13,700
2016/04/14,674
2016/04/15,733
2016/04/16,679
2016/04/17,568
2016/04/18,687
2016/04/19,732
2016/04/20,697
2016/04/21,694
2016/04/22,741
2016/04/23,649
2016/04/24,448
2016/04/25,488
2016/04/26,479
2016/04/27,510
2016/04/28,489
2016/04/29,517
2016/04/30,581
2016/05/01,484
2016/05/02,589
2016/05/03,711
2016/05/04,653
2016/05/05,626
2016/05/06,728
2016/05/07,571
2016/05/08,591
2016/05/09,646
2016/05/10,608
2016/05/11,699
2016/05/12,744
2016/05/13,766
2016/05/14,589
2016/05/15,510
2016/05/16,742
2016/05/17,624
2016/05/18,676
2016/05/19,694
2016/05/20,782
2016/05/21,568
2016/05/22,571
2016/05/23,652
2016/05/24,695
2016/05/25,733
2016/05/26,742
2016/05/27,767
2016/05/28,627
2016/05/29,566
2016/05/30,471
2016/05/31,760
2016/06/01,772
2016/06/02,683
2016/06/03,710
2016/06/04,635
2016/06/05,466
2016/06/06,758
2016/06/07,709
2016/06/08,763
2016/06/09,686
2016/06/10,818
2016/06/11,584
2016/06/12,587
2016/06/13,646
2016/06/14,717
2016/06/15,739
2016/06/16,689
2016/06/17,748
2016/06/18,700
2016/06/19,559
2016/06/20,745
2016/06/21,681
2016/06/22,751
2016/06/23,643
2016/06/24,811
2016/06/25,688
2016/06/26,582
2016/06/27,718
2016/06/28,675
2016/06/29,687
2016/06/30,761
2016/07/01,752
2016/07/02,570
2016/07/03,448
2016/07/04,488
2016/07/05,663
2016/07/06,680
2016/07/07,603
2016/07/08,612
2016/07/09,498
2016/07/10,508
2016/07/11,618
2016/07/12,662
2016/07/13,607
2016/07/14,741
2016/07/15,798
2016/07/16,623
2016/07/17,574
2016/07/18,725
2016/07/19,699
2016/07/20,698
2016/07/21,731
2016/07/22,769
2016/07/23,650
2016/07/24,566
2016/07/25,698
2016/07/26,688
2016/07/27,690
2016/07/28,709
2016/07/29,774
2016/07/30,599
2016/07/31,529
2016/08/01,569
2016/08/02,602
2016/08/03,687
2016/08/04,715
2016/08/05,700
2016/08/06,578
2016/08/07,540
2016/08/08,632
2016/08/09,650
2016/08/10,618
2016/08/11,672
2016/08/12,729
2016/08/13,614
2016/08/14,521
2016/08/15,643
2016/08/16,644
2016/08/17,658
2016/08/18,635
2016/08/19,707
2016/08/20,579
2016/08/21,512
2016/08/22,669
2016/08/23,637
2016/08/24,635
2016/08/25,659
2016/08/26,756
2016/08/27,624
2016/08/28,559
2016/08/29,673
2016/08/30,622
2016/08/31,661
2016/09/01,675
2016/09/02,697
2016/09/03,498
2016/09/04,466
2016/09/05,419
2016/09/06,626
2016/09/07,648
2016/09/08,717
2016/09/09,715
2016/09/10,598
2016/09/11,538
2016/09/12,648
2016/09/13,779
2016/09/14,779
2016/09/15,757
2016/09/16,780
2016/09/17,646
2016/09/18,535
2016/09/19,680
2016/09/20,619
2016/09/21,621
2016/09/22,660
2016/09/23,812
2016/09/24,612
2016/09/25,572
2016/09/26,623
2016/09/27,659
2016/09/28,637
2016/09/29,624
2016/09/30,872
2016/10/01,581
2016/10/02,486
2016/10/03,490
2016/10/04,523
2016/10/05,695
2016/10/06,764
2016/10/07,754
2016/10/08,633
2016/10/09,480
2016/10/10,539
2016/10/11,739
2016/10/12,498
2016/10/13,757
2016/10/14,767
2016/10/15,641
2016/10/16,503
2016/10/17,585
2016/10/18,590
2016/10/19,676
2016/10/20,662
2016/10/21,851
2016/10/22,629
2016/10/23,534
2016/10/24,573
2016/10/25,566
2016/10/26,706
2016/10/27,831
2016/10/28,798
2016/10/29,614
2016/10/30,557
2016/10/31,655
2016/11/01,732
2016/11/02,665
2016/11/03,689
2016/11/04,777
2016/11/05,626
2016/11/06,532
2016/11/07,699
2016/11/08,620
2016/11/09,541
2016/11/10,706
2016/11/11,665
2016/11/12,603
2016/11/13,518
2016/11/14,668
2016/11/15,741
2016/11/16,705
2016/11/17,707
2016/11/18,776
2016/11/19,692
2016/11/20,529
2016/11/21,684
2016/11/22,765
2016/11/23,807
2016/11/24,428
2016/11/25,455
2016/11/26,463
2016/11/27,466
2016/11/28,647
2016/11/29,752
2016/11/30,730
2016/12/01,734
2016/12/02,690
2016/12/03,592
2016/12/04,482
2016/12/05,791
2016/12/06,711
2016/12/07,637
2016/12/08,635
2016/12/09,701
2016/12/10,555
2016/12/11,522
2016/12/12,665
2016/12/13,630
2016/12/14,689
2016/12/15,749
2016/12/16,792
2016/12/17,623
2016/12/18,521
2016/12/19,722
2016/12/20,719
2016/12/21,676
2016/12/22,700
2016/12/23,692
2016/12/24,554
2016/12/25,365
2016/12/26,394
2016/12/27,569
2016/12/28,546
2016/12/29,542
2016/12/30,583
2016/12/31,465
2017/01/01,485
2017/01/02,449
2017/01/03,659
2017/01/04,590
2017/01/05,552
2017/01/06,600
2017/01/07,896
2017/01/08,406
2017/01/09,669
2017/01/10,597
2017/01/11,629
2017/01/12,646
2017/01/13,604
2017/01/14,495
2017/01/15,490
2017/01/16,477
2017/01/17,657
2017/01/18,549
2017/01/19,610
2017/01/20,605
2017/01/21,475
2017/01/22,411
2017/01/23,667
2017/01/24,564
2017/01/25,576
2017/01/26,563
2017/01/27,583
2017/01/28,501
2017/01/29,428
2017/01/30,545
2017/01/31,571
2017/02/01,574
2017/02/02,586
2017/02/03,609
2017/02/04,541
2017/02/05,429
2017/02/06,568
2017/02/07,626
2017/02/08,673
2017/02/09,507
2017/02/10,708
2017/02/11,511
2017/02/12,439
2017/02/13,642
2017/02/14,688
2017/02/15,603
2017/02/16,652
2017/02/17,680
2017/02/18,570
2017/02/19,438
2017/02/20,428
2017/02/21,483
2017/02/22,477
2017/02/23,581
2017/02/24,657
2017/02/25,573
2017/02/26,462
2017/02/27,540
2017/02/28,591
2017/03/01,571
2017/03/02,653
2017/03/03,745
2017/03/04,536
2017/03/05,489
2017/03/06,618
2017/03/07,637
2017/03/08,609
2017/03/09,665
2017/03/10,612
2017/03/11,548
2017/03/12,516
2017/03/13,792
2017/03/14,374
2017/03/15,650
2017/03/16,839
2017/03/17,756
2017/03/18,504
2017/03/19,550
2017/03/20,750
2017/03/21,636
2017/03/22,617
2017/03/23,703
2017/03/24,654
2017/03/25,571
2017/03/26,456
2017/03/27,629
2017/03/28,592
2017/03/29,672
2017/03/30,639
2017/03/31,753
2017/04/01,591
2017/04/02,514
2017/04/03,646
2017/04/04,598
2017/04/05,587
2017/04/06,713
2017/04/07,694
2017/04/08,627
2017/04/09,541
2017/04/10,634
2017/04/11,519
2017/04/12,540
2017/04/13,590
2017/04/14,515
2017/04/15,495
2017/04/16,481
2017/04/17,488
2017/04/18,516
2017/04/19,580
2017/04/20,632
2017/04/21,690
2017/04/22,551
2017/04/23,517
2017/04/24,541
2017/04/25,723
2017/04/26,630
2017/04/27,688
2017/04/28,857
2017/04/29,661
2017/04/30,470
2017/05/01,639
2017/05/02,743
2017/05/03,714
2017/05/04,701
2017/05/05,776
2017/05/06,685
2017/05/07,514
2017/05/08,638
2017/05/09,651
2017/05/10,668
2017/05/11,686
2017/05/12,817
2017/05/13,683
2017/05/14,633
2017/05/15,729
2017/05/16,694
2017/05/17,753
2017/05/18,911
2017/05/19,974
2017/05/20,612
2017/05/21,618
2017/05/22,719
2017/05/23,659
2017/05/24,641
2017/05/25,742
2017/05/26,776
2017/05/27,475
2017/05/28,474
2017/05/29,371
2017/05/30,647
2017/05/31,669
2017/06/01,654
2017/06/02,737
2017/06/03,637
2017/06/04,468
2017/06/05,656
2017/06/06,660
2017/06/07,675
2017/06/08,660
2017/06/09,770
2017/06/10,665
2017/06/11,702
2017/06/12,804
2017/06/13,829
2017/06/14,754
2017/06/15,771
2017/06/16,657
2017/06/17,654
2017/06/18,593
2017/06/19,819
2017/06/20,813
2017/06/21,744
2017/06/22,845
2017/06/23,793
2017/06/24,753
2017/06/25,590
2017/06/26,669
2017/06/27,757
2017/06/28,730
2017/06/29,767
2017/06/30,747
2017/07/01,595
2017/07/02,537
2017/07/03,617
2017/07/04,424
2017/07/05,706
2017/07/06,611
2017/07/07,674
2017/07/08,585
2017/07/09,512
2017/07/10,667
2017/07/11,638
2017/07/12,677
2017/07/13,759
2017/07/14,707
2017/07/15,649
2017/07/16,515
2017/07/17,639
2017/07/18,706
2017/07/19,747
2017/07/20,774
2017/07/21,733
2017/07/22,648
2017/07/23,554
2017/07/24,620
2017/07/25,595
2017/07/26,635
2017/07/27,610
2017/07/28,685
2017/07/29,512
2017/07/30,606
2017/07/31,656
2017/08/01,705
2017/08/02,618
2017/08/03,713
2017/08/04,758
2017/08/05,573
2017/08/06,519
2017/08/07,606
2017/08/08,631
2017/08/09,655
2017/08/10,650
2017/08/11,655
2017/08/12,526
2017/08/13,563
2017/08/14,602
2017/08/15,577
2017/08/16,600
2017/08/17,639
2017/08/18,612
2017/08/19,638
2017/08/20,538
2017/08/21,627
2017/08/22,684
2017/08/23,629
2017/08/24,631
2017/08/25,633
2017/08/26,570
2017/08/27,498
2017/08/28,584
2017/08/29,614
2017/08/30,671
2017/08/31,618
2017/09/01,681
2017/09/02,562
2017/09/03,518
2017/09/04,532
2017/09/05,707
2017/09/06,608
2017/09/07,790
2017/09/08,740
2017/09/09,608
2017/09/10,533
2017/09/11,735
2017/09/12,680
2017/09/13,738
2017/09/14,728
2017/09/15,827
2017/09/16,623
2017/09/17,586
2017/09/18,672
2017/09/19,661
2017/09/20,583
2017/09/21,535
2017/09/22,614
2017/09/23,631
2017/09/24,587
2017/09/25,726
2017/09/26,656
2017/09/27,696
2017/09/28,740
2017/09/29,757
2017/09/30,550
2017/10/01,571
2017/10/02,739
2017/10/03,687
2017/10/04,711
2017/10/05,657
2017/10/06,649
2017/10/07,570
2017/10/08,521
2017/10/09,546
2017/10/10,768
2017/10/11,628
2017/10/12,603
2017/10/13,658
2017/10/14,567
2017/10/15,496
2017/10/16,641
2017/10/17,736
2017/10/18,737
2017/10/19,766
2017/10/20,823
2017/10/21,583
2017/10/22,528
2017/10/23,669
2017/10/24,685
2017/10/25,648
2017/10/26,658
2017/10/27,759
2017/10/28,615
2017/10/29,613
2017/10/30,832
2017/10/31,696
2017/11/01,607
2017/11/02,746
2017/11/03,776
2017/11/04,613
2017/11/05,519
2017/11/06,682
2017/11/07,710
2017/11/08,662
2017/11/09,702
2017/11/10,724
2017/11/11,623
2017/11/12,539
2017/11/13,699
2017/11/14,647
2017/11/15,713
2017/11/16,811
2017/11/17,814
2017/11/18,629
2017/11/19,573
2017/11/20,748
2017/11/21,790
2017/11/22,774
2017/11/23,469
2017/11/24,502
2017/11/25,456
2017/11/26,485
2017/11/27,635
2017/11/28,649
2017/11/29,701
2017/11/30,663
2017/12/01,772
2017/12/02,575
2017/12/03,448
2017/12/04,684
2017/12/05,704
2017/12/06,651
2017/12/07,693
2017/12/08,682
2017/12/09,538
2017/12/10,513
2017/12/11,725
2017/12/12,687
2017/12/13,709
2017/12/14,883
2017/12/15,999
2017/12/16,661
2017/12/17,547
2017/12/18,706
2017/12/19,657
2017/12/20,700
2017/12/21,742
2017/12/22,720
2017/12/23,565
2017/12/24,469
2017/12/25,333
2017/12/26,543
2017/12/27,577
2017/12/28,609
2017/12/29,598
2017/12/30,565
2017/12/31,462
2018/01/01,453
2018/01/02,654
2018/01/03,645
2018/01/04,464
2018/01/05,700
2018/01/06,599
2018/01/07,475
2018/01/08,720
2018/01/09,684
2018/01/10,687
2018/01/11,696
2018/01/12,704
2018/01/13,603
2018/01/14,494
2018/01/15,523
2018/01/16,617
2018/01/17,611
2018/01/18,634
2018/01/19,599
2018/01/20,530
2018/01/21,418
2018/01/22,559
2018/01/23,531
2018/01/24,615
2018/01/25,602
2018/01/26,677
2018/01/27,510
2018/01/28,412
2018/01/29,531
2018/01/30,579
2018/01/31,596
2018/02/01,594
2018/02/02,617
2018/02/03,478
2018/02/04,541
2018/02/05,706
2018/02/06,545
2018/02/07,653
2018/02/08,616
2018/02/09,583
2018/02/10,549
2018/02/11,479
2018/02/12,543
2018/02/13,613
2018/02/14,671
2018/02/15,645
2018/02/16,582
2018/02/17,604
2018/02/18,472
2018/02/19,435
2018/02/20,535
2018/02/21,601
2018/02/22,550
2018/02/23,548
2018/02/24,540
2018/02/25,448
2018/02/26,557
2018/02/27,631
2018/02/28,654
2018/03/01,619
2018/03/02,884
2018/03/03,609
2018/03/04,457
2018/03/05,616
2018/03/06,676
2018/03/07,517
2018/03/08,633
2018/03/09,751
2018/03/10,567
2018/03/11,465
2018/03/12,679
2018/03/13,578
2018/03/14,652
2018/03/15,689
2018/03/16,753
2018/03/17,562
2018/03/18,526
2018/03/19,686
2018/03/20,597
2018/03/21,477
2018/03/22,760
2018/03/23,732
2018/03/24,550
2018/03/25,491
2018/03/26,710
2018/03/27,627
2018/03/28,629
2018/03/29,613
2018/03/30,580
2018/03/31,589
2018/04/01,399
2018/04/02,562
2018/04/03,551
2018/04/04,554
2018/04/05,531
2018/04/06,515
2018/04/07,487
2018/04/08,468
2018/04/09,625
2018/04/10,668
2018/04/11,612
2018/04/12,610
2018/04/13,755
2018/04/14,624
2018/04/15,510
2018/04/16,741
2018/04/17,600
2018/04/18,662
2018/04/19,706
2018/04/20,707
2018/04/21,584
2018/04/22,568
2018/04/23,675
2018/04/24,671
2018/04/25,626
2018/04/26,729
2018/04/27,690
2018/04/28,604
2018/04/29,505
2018/04/30,656
2018/05/01,713
2018/05/02,792
2018/05/03,790
2018/05/04,723
2018/05/05,602
2018/05/06,495
2018/05/07,695
2018/05/08,736
2018/05/09,711
2018/05/10,663
2018/05/11,805
2018/05/12,602
2018/05/13,529
2018/05/14,689
2018/05/15,778
2018/05/16,686
2018/05/17,732
2018/05/18,616
2018/05/19,583
2018/05/20,578
2018/05/21,626
2018/05/22,689
2018/05/23,729
2018/05/24,770
2018/05/25,799
2018/05/26,601
2018/05/27,487
2018/05/28,409
2018/05/29,809
2018/05/30,708
2018/05/31,698
2018/06/01,751
2018/06/02,622
2018/06/03,525
2018/06/04,698
2018/06/05,688
2018/06/06,651
2018/06/07,693
2018/06/08,757
2018/06/09,706
2018/06/10,533
2018/06/11,686
2018/06/12,720
2018/06/13,706
2018/06/14,833
2018/06/15,728
2018/06/16,677
2018/06/17,627
2018/06/18,808
2018/06/19,812
2018/06/20,698
2018/06/21,815
2018/06/22,728
2018/06/23,513
2018/06/24,553
2018/06/25,733
2018/06/26,762
2018/06/27,540
2018/06/28,737
2018/06/29,845
2018/06/30,651
2018/07/01,563
2018/07/02,719
2018/07/03,678
2018/07/04,406
2018/07/05,720
2018/07/06,654
2018/07/07,526
2018/07/08,545
2018/07/09,672
2018/07/10,727
2018/07/11,627
2018/07/12,642
2018/07/13,726
2018/07/14,577
2018/07/15,564
2018/07/16,719
2018/07/17,680
2018/07/18,688
2018/07/19,739
2018/07/20,700
2018/07/21,622
2018/07/22,540
2018/07/23,614
2018/07/24,654
2018/07/25,657
2018/07/26,606
2018/07/27,753
2018/07/28,637
2018/07/29,463
2018/07/30,580
2018/07/31,709
2018/08/01,660
2018/08/02,722
2018/08/03,749
2018/08/04,605
2018/08/05,573
2018/08/06,632
2018/08/07,658
2018/08/08,656
2018/08/09,709
2018/08/10,707
2018/08/11,568
2018/08/12,499
2018/08/13,617
2018/08/14,701
2018/08/15,645
2018/08/16,647
2018/08/17,703
2018/08/18,579
2018/08/19,490
2018/08/20,562
2018/08/21,580
2018/08/22,599
2018/08/23,610
2018/08/24,681
2018/08/25,552
2018/08/26,528
2018/08/27,651
2018/08/28,715
2018/08/29,685
2018/08/30,736
2018/08/31,623
2018/09/01,529
2018/09/02,528
2018/09/03,533
2018/09/04,786
2018/09/05,768
2018/09/06,822
2018/09/07,671
2018/09/08,568
2018/09/09,556
2018/09/10,650
2018/09/11,544
2018/09/12,783
2018/09/13,718
2018/09/14,684
2018/09/15,596
2018/09/16,597
2018/09/17,673
2018/09/18,740
2018/09/19,519
2018/09/20,659
2018/09/21,715
2018/09/22,562
2018/09/23,475
2018/09/24,594
2018/09/25,715
2018/09/26,755
2018/09/27,672
2018/09/28,712
2018/09/29,604
2018/09/30,510
2018/10/01,583
2018/10/02,613
2018/10/03,778
2018/10/04,717
2018/10/05,796
2018/10/06,544
2018/10/07,529
2018/10/08,501
2018/10/09,628
2018/10/10,708
2018/10/11,741
2018/10/12,830
2018/10/13,577
2018/10/14,516
2018/10/15,692
2018/10/16,688
2018/10/17,699
2018/10/18,735
2018/10/19,787
2018/10/20,629
2018/10/21,593
2018/10/22,650
2018/10/23,681
2018/10/24,719
2018/10/25,763
2018/10/26,747
2018/10/27,757
2018/10/28,556
2018/10/29,696
2018/10/30,721
2018/10/31,646
2018/11/01,696
2018/11/02,746
2018/11/03,656
2018/11/04,502
2018/11/05,759
2018/11/06,679
2018/11/07,696
2018/11/08,631
2018/11/09,867
2018/11/10,606
2018/11/11,500
2018/11/12,497
2018/11/13,754
2018/11/14,688
2018/11/15,1065
2018/11/16,720
2018/11/17,559
2018/11/18,470
2018/11/19,697
2018/11/20,695
2018/11/21,732
2018/11/22,412
2018/11/23,476
2018/11/24,536
2018/11/25,483
2018/11/26,743
2018/11/27,609
2018/11/28,573
2018/11/29,646
2018/11/30,743
2018/12/01,601
2018/12/02,558
2018/12/03,697
2018/12/04,684
2018/12/05,652
2018/12/06,681
2018/12/07,705
2018/12/08,652
2018/12/09,465
2018/12/10,651
2018/12/11,707
2018/12/12,631
2018/12/13,686
2018/12/14,841
2018/12/15,628
2018/12/16,622
2018/12/17,689
2018/12/18,731
2018/12/19,749
2018/12/20,806
2018/12/21,782
2018/12/22,568
2018/12/23,505
2018/12/24,580
2018/12/25,328
2018/12/26,514
2018/12/27,582
2018/12/28,681
2018/12/29,499
2018/12/30,404
2018/12/31,622
2019/01/01,430
2019/01/02,502
2019/01/03,504
2019/01/04,598
2019/01/05,455
2019/01/06,376
2019/01/07,584
2019/01/08,571
2019/01/09,514
2019/01/10,580
2019/01/11,644
2019/01/12,520
2019/01/13,374
2019/01/14,703
2019/01/15,618
2019/01/16,579
2019/01/17,586
2019/01/18,596
2019/01/19,479
2019/01/20,411
2019/01/21,412
2019/01/22,627
2019/01/23,553
2019/01/24,592
2019/01/25,666
2019/01/26,533
2019/01/27,445
2019/01/28,565
2019/01/29,681
2019/01/30,630
2019/01/31,601
2019/02/01,651
2019/02/02,577
2019/02/03,490
2019/02/04,651
2019/02/05,570
2019/02/06,615
2019/02/07,588
2019/02/08,661
2019/02/09,540
2019/02/10,445
2019/02/11,568
2019/02/12,687
2019/02/13,639
2019/02/14,664
2019/02/15,616
2019/02/16,535
2019/02/17,439
2019/02/18,406
2019/02/19,527
2019/02/20,615
2019/02/21,597
2019/02/22,546
2019/02/23,439
2019/02/24,401
2019/02/25,700
2019/02/26,670
2019/02/27,529
2019/02/28,699
2019/03/01,711
2019/03/02,642
2019/03/03,503
2019/03/04,503
2019/03/05,639
2019/03/06,589
2019/03/07,556
2019/03/08,652
2019/03/09,523
2019/03/10,462
2019/03/11,645
2019/03/12,586
2019/03/13,562
2019/03/14,611
2019/03/15,673
2019/03/16,550
2019/03/17,419
2019/03/18,575
2019/03/19,565
2019/03/20,584
2019/03/21,624
2019/03/22,718
2019/03/23,530
2019/03/24,466
2019/03/25,526
2019/03/26,610
2019/03/27,562
2019/03/28,644
2019/03/29,563
2019/03/30,516
2019/03/31,450
2019/04/01,602
2019/04/02,553
2019/04/03,613
2019/04/04,660
2019/04/05,701
2019/04/06,587
2019/04/07,487
2019/04/08,594
2019/04/09,537
2019/04/10,633
2019/04/11,537
2019/04/12,688
2019/04/13,599
2019/04/14,457
2019/04/15,657
2019/04/16,638
2019/04/17,621
2019/04/18,540
2019/04/19,551
2019/04/20,456
2019/04/21,398
2019/04/22,522
2019/04/23,592
2019/04/24,515
2019/04/25,518
2019/04/26,500
2019/04/27,526
2019/04/28,395
2019/04/29,565
2019/04/30,587
2019/05/01,599
2019/05/02,668
2019/05/03,651
2019/05/04,553
2019/05/05,529
2019/05/06,630
2019/05/07,647
2019/05/08,649
2019/05/09,593
2019/05/10,660
2019/05/11,637
2019/05/12,589
2019/05/13,613
2019/05/14,621
2019/05/15,691
2019/05/16,642
2019/05/17,726
2019/05/18,649
2019/05/19,547
2019/05/20,689
2019/05/21,745
2019/05/22,693
2019/05/23,722
2019/05/24,728
2019/05/25,520
2019/05/26,510
2019/05/27,442
2019/05/28,654
2019/05/29,601
2019/05/30,625
2019/05/31,765
2019/06/01,557
2019/06/02,515
2019/06/03,659
2019/06/04,615
2019/06/05,655
2019/06/06,744
2019/06/07,734
2019/06/08,580
2019/06/09,526
2019/06/10,613
2019/06/11,682
2019/06/12,686
2019/06/13,634
2019/06/14,749
2019/06/15,620
2019/06/16,509
2019/06/17,552
2019/06/18,721
2019/06/19,591
2019/06/20,697
2019/06/21,771
2019/06/22,635
2019/06/23,559
2019/06/24,731
2019/06/25,662
2019/06/26,803
2019/06/27,734
2019/06/28,753
2019/06/29,660
2019/06/30,569
2019/07/01,693
2019/07/02,591
2019/07/03,654
2019/07/04,394
2019/07/05,542
2019/07/06,471
2019/07/07,441
2019/07/08,592
2019/07/09,661
2019/07/10,553
2019/07/11,658
2019/07/12,747
2019/07/13,558
2019/07/14,497
2019/07/15,637
2019/07/16,658
2019/07/17,630
2019/07/18,620
2019/07/19,666
2019/07/20,586
2019/07/21,477
2019/07/22,641
2019/07/23,553
2019/07/24,626
2019/07/25,605
2019/07/26,650
2019/07/27,602
2019/07/28,527
2019/07/29,649
2019/07/30,638
2019/07/31,604
2019/08/01,618
2019/08/02,610
2019/08/03,566
2019/08/04,499
2019/08/05,616
2019/08/06,551
2019/08/07,608
2019/08/08,646
2019/08/09,645
2019/08/10,572
2019/08/11,484
2019/08/12,586
2019/08/13,469
2019/08/14,537
2019/08/15,560
2019/08/16,523
2019/08/17,533
2019/08/18,481
2019/08/19,563
2019/08/20,574
2019/08/21,522
2019/08/22,587
2019/08/23,569
2019/08/24,514
2019/08/25,482
2019/08/26,494
2019/08/27,529
2019/08/28,553
2019/08/29,592
2019/08/30,630
2019/08/31,502
2019/09/01,473
2019/09/02,427
2019/09/03,652
2019/09/04,600
2019/09/05,628
2019/09/06,591
2019/09/07,489
2019/09/08,462
2019/09/09,603
2019/09/10,605
2019/09/11,624
2019/09/12,689
2019/09/13,687
2019/09/14,488
2019/09/15,604
2019/09/16,620
2019/09/17,635
2019/09/18,605
2019/09/19,605
2019/09/20,688
2019/09/21,577
2019/09/22,515
2019/09/23,639
2019/09/24,628
2019/09/25,604
2019/09/26,645
2019/09/27,703
2019/09/28,532
2019/09/29,488
2019/09/30,435
2019/10/01,454
2019/10/02,688
2019/10/03,690
2019/10/04,708
2019/10/05,557
2019/10/06,435
2019/10/07,575
2019/10/08,523
2019/10/09,383
2019/10/10,615
2019/10/11,606
2019/10/12,502
2019/10/13,441
2019/10/14,400
2019/10/15,549
2019/10/16,658
2019/10/17,608
2019/10/18,634
2019/10/19,586
2019/10/20,500
2019/10/21,559
2019/10/22,562
2019/10/23,669
2019/10/24,613
2019/10/25,647
2019/10/26,525
2019/10/27,467
2019/10/28,607
2019/10/29,639
2019/10/30,595
2019/10/31,616
2019/11/01,782
2019/11/02,506
2019/11/03,479
2019/11/04,623
2019/11/05,440
2019/11/06,615
2019/11/07,669
2019/11/08,676
2019/11/09,502
2019/11/10,457
2019/11/11,481
2019/11/12,595
2019/11/13,599
2019/11/14,545
2019/11/15,621
2019/11/16,527
2019/11/17,444
2019/11/18,743
2019/11/19,630
2019/11/20,526
2019/11/21,647
2019/11/22,633
2019/11/23,528
2019/11/24,517
2019/11/25,641
2019/11/26,702
2019/11/27,561
2019/11/28,374
2019/11/29,425
2019/11/30,465
2019/12/01,409
2019/12/02,580
2019/12/03,620
2019/12/04,552
2019/12/05,597
2019/12/06,563
2019/12/07,566
2019/12/08,455
2019/12/09,737
2019/12/10,667
2019/12/11,578
2019/12/12,599
2019/12/13,760
2019/12/14,577
2019/12/15,503
2019/12/16,519
2019/12/17,700
2019/12/18,701
2019/12/19,699
2019/12/20,698
2019/12/21,520
2019/12/22,510
2019/12/23,593
2019/12/24,530
2019/12/25,264
2019/12/26,414
2019/12/27,448
2019/12/28,355
2019/12/29,384
2019/12/30,518
2019/12/31,443
2020/01/01,346
2020/01/02,413
2020/01/03,456
2020/01/04,353
2020/01/05,291
2020/01/06,459
2020/01/07,408
2020/01/08,454
2020/01/09,521
2020/01/10,522
2020/01/11,439
2020/01/12,391
2020/01/13,476
2020/01/14,497
2020/01/15,508
2020/01/16,547
2020/01/17,566
2020/01/18,774
2020/01/19,360
2020/01/20,390
2020/01/21,556
2020/01/22,489
2020/01/23,451
2020/01/24,524
2020/01/25,383
2020/01/26,398
2020/01/27,452
2020/01/28,404
2020/01/29,495
2020/01/30,525
2020/01/31,518
2020/02/01,409
2020/02/02,391
2020/02/03,559
2020/02/04,464
2020/02/05,432
2020/02/06,544
2020/02/07,604
2020/02/08,466
2020/02/09,373
2020/02/10,572
2020/02/11,458
2020/02/12,438
2020/02/13,504
2020/02/14,632
2020/02/15,440
2020/02/16,387
2020/02/17,339
2020/02/18,428
2020/02/19,477
2020/02/20,448
2020/02/21,504
2020/02/22,407
2020/02/23,392
2020/02/24,493
2020/02/25,527
2020/02/26,449
2020/02/27,581
2020/02/28,530
2020/02/29,456
2020/03/01,423
2020/03/02,562
2020/03/03,550
2020/03/04,540
2020/03/05,529
2020/03/06,673
2020/03/07,515
2020/03/08,408
2020/03/09,546
2020/03/10,450
2020/03/11,473
2020/03/12,456
2020/03/13,551
2020/03/14,371
2020/03/15,331
2020/03/16,378
2020/03/17,374
2020/03/18,298
2020/03/19,339
2020/03/20,306
2020/03/21,238
2020/03/22,139
2020/03/23,225
2020/03/24,201
2020/03/25,168
2020/03/26,187
2020/03/27,195
2020/03/28,183
2020/03/29,146
2020/03/30,164
2020/03/31,158
2020/04/01,155
2020/04/02,166
2020/04/03,191
2020/04/04,156
2020/04/05,94
2020/04/06,127
2020/04/07,129
2020/04/08,125
2020/04/09,103
2020/04/10,115
2020/04/11,121
2020/04/12,106
2020/04/13,138
2020/04/14,135
2020/04/15,139
2020/04/16,138
2020/04/17,158
2020/04/18,125
2020/04/19,102
2020/04/20,140
2020/04/21,121
2020/04/22,148
2020/04/23,108
2020/04/24,172
2020/04/25,152
2020/04/26,140
2020/04/27,131
2020/04/28,185
2020/04/29,137
2020/04/30,173
2020/05/01,186
2020/05/02,189
2020/05/03,167
2020/05/04,174
2020/05/05,174
2020/05/06,184
2020/05/07,175
2020/05/08,177
2020/05/09,148
2020/05/10,163
2020/05/11,173
2020/05/12,191
2020/05/13,212
2020/05/14,171
2020/05/15,242
2020/05/16,217
2020/05/17,171
2020/05/18,185
2020/05/19,229
2020/05/20,192
2020/05/21,212
2020/05/22,264
2020/05/23,193
2020/05/24,197
2020/05/25,214
2020/05/26,224
2020/05/27,239
2020/05/28,209
2020/05/29,258
2020/05/30,226
2020/05/31,208
2020/06/01,196
2020/06/02,197
2020/06/03,216
2020/06/04,245
2020/06/05,248
2020/06/06,262
2020/06/07,206
2020/06/08,235
2020/06/09,251
2020/06/10,238
2020/06/11,251
2020/06/12,277
2020/06/13,282
2020/06/14,228
2020/06/15,223
2020/06/16,259
2020/06/17,244
2020/06/18,226
2020/06/19,306
2020/06/20,246
2020/06/21,245
2020/06/22,295
2020/06/23,291
2020/06/24,300
2020/06/25,251
2020/06/26,337
2020/06/27,273
2020/06/28,240
2020/06/29,301
2020/06/30,278
2020/07/01,259
2020/07/02,340
2020/07/03,302
2020/07/04,278
2020/07/05,290
2020/07/06,257
2020/07/07,243
2020/07/08,267
2020/07/09,313
2020/07/10,296
2020/07/11,274
2020/07/12,292
2020/07/13,290
2020/07/14,320
2020/07/15,268
2020/07/16,322
2020/07/17,308
2020/07/18,316
2020/07/19,313
2020/07/20,281
2020/07/21,331
2020/07/22,290
2020/07/23,332
2020/07/24,312
2020/07/25,291
2020/07/26,313
2020/07/27,320
2020/07/28,298
2020/07/29,318
2020/07/30,300
2020/07/31,343
2020/08/01,375
2020/08/02,286
2020/08/03,353
2020/08/04,451
2020/08/05,345
2020/08/06,356
2020/08/07,337
2020/08/08,260
2020/08/09,283
2020/08/10,320
2020/08/11,317
2020/08/12,293
2020/08/13,275
2020/08/14,344
2020/08/15,313
2020/08/16,279
2020/08/17,288
2020/08/18,311
2020/08/19,286
2020/08/20,306
2020/08/21,348
2020/08/22,328
2020/08/23,316
2020/08/24,320
2020/08/25,286
2020/08/26,310
2020/08/27,343
2020/08/28,306
2020/08/29,291
2020/08/30,303
2020/08/31,294
2020/09/01,337
2020/09/02,309
2020/09/03,363
2020/09/04,383
2020/09/05,362
2020/09/06,293
2020/09/07,295
2020/09/08,337
2020/09/09,292
2020/09/10,347
2020/09/11,351
2020/09/12,304
2020/09/13,245
2020/09/14,289
2020/09/15,301
2020/09/16,307
2020/09/17,322
2020/09/18,341
2020/09/19,330
2020/09/20,275
2020/09/21,310
2020/09/22,307
2020/09/23,356
2020/09/24,297
2020/09/25,348
2020/09/26,330
2020/09/27,315
2020/09/28,300
2020/09/29,317
2020/09/30,347
2020/10/01,332
2020/10/02,350
2020/10/03,323
2020/10/04,269
2020/10/05,302
2020/10/06,325
2020/10/07,308
2020/10/08,332
2020/10/09,330
2020/10/10,277
2020/10/11,248
2020/10/12,323
2020/10/13,323
2020/10/14,333
2020/10/15,311
2020/10/16,304
2020/10/17,335
2020/10/18,305
2020/10/19,276
2020/10/20,336
2020/10/21,338
2020/10/22,264
2020/10/23,337
2020/10/24,301
2020/10/25,281
2020/10/26,314
2020/10/27,262
2020/10/28,309
2020/10/29,334
2020/10/30,394
2020/10/31,334
2020/11/01,308
2020/11/02,327
2020/11/03,285
2020/11/04,302
2020/11/05,357
2020/11/06,365
2020/11/07,329
2020/11/08,326
2020/11/09,318
2020/11/10,343
2020/11/11,300
2020/11/12,327
2020/11/13,391
2020/11/14,298
2020/11/15,251
2020/11/16,305
2020/11/17,261
2020/11/18,295
2020/11/19,279
2020/11/20,358
2020/11/21,314
2020/11/22,222
2020/11/23,298
2020/11/24,324
2020/11/25,276
2020/11/26,203
2020/11/27,279
2020/11/28,239
2020/11/29,248
2020/11/30,301
2020/12/01,269
2020/12/02,235
2020/12/03,252
2020/12/04,372
2020/12/05,278
2020/12/06,241
2020/12/07,281
2020/12/08,282
2020/12/09,280
2020/12/10,311
2020/12/11,348
2020/12/12,285
2020/12/13,265
2020/12/14,250
2020/12/15,315
2020/12/16,341
2020/12/17,233
2020/12/18,278
2020/12/19,251
2020/12/20,194
2020/12/21,268
2020/12/22,320
2020/12/23,360
2020/12/24,315
2020/12/25,168
2020/12/26,226
2020/12/27,184
2020/12/28,217
2020/12/29,244
2020/12/30,238
2020/12/31,278
2021/01/01,257
2021/01/02,220
2021/01/03,186
2021/01/04,242
2021/01/05,228
2021/01/06,220
2021/01/07,285
2021/01/08,272
2021/01/09,244
2021/01/10,177
2021/01/11,238
2021/01/12,279
2021/01/13,245
2021/01/14,253
2021/01/15,272
2021/01/16,265
2021/01/17,210
2021/01/18,225
2021/01/19,261
2021/01/20,253
2021/01/21,251
2021/01/22,254
2021/01/23,251
2021/01/24,212
2021/01/25,260
2021/01/26,263
2021/01/27,262
2021/01/28,262
2021/01/29,291
2021/01/30,284
2021/01/31,297
2021/02/01,239
2021/02/02,238
2021/02/03,246
2021/02/04,277
2021/02/05,326
2021/02/06,275
2021/02/07,243
2021/02/08,301
2021/02/09,229
2021/02/10,279
2021/02/11,299
2021/02/12,290
2021/02/13,210
2021/02/14,184
2021/02/15,208
2021/02/16,213
2021/02/17,239
2021/02/18,256
2021/02/19,202
2021/02/20,257
2021/02/21,208
2021/02/22,245
2021/02/23,240
2021/02/24,267
2021/02/25,269
2021/02/26,301
2021/02/27,223
2021/02/28,212
2021/03/01,224
2021/03/02,268
2021/03/03,244
2021/03/04,262
2021/03/05,306
2021/03/06,251
2021/03/07,216
2021/03/08,250
2021/03/09,299
2021/03/10,224
2021/03/11,287
2021/03/12,338
2021/03/13,252
2021/03/14,244
2021/03/15,253
2021/03/16,237
2021/03/17,243
2021/03/18,244
2021/03/19,309
2021/03/20,283
2021/03/21,261
2021/03/22,295
2021/03/23,283
2021/03/24,268
2021/03/25,257
2021/03/26,336
2021/03/27,325
2021/03/28,198
2021/03/29,240
2021/03/30,281
2021/03/31,284
2021/04/01,263
2021/04/02,283
2021/04/03,281
2021/04/04,259
2021/04/05,268
2021/04/06,318
2021/04/07,303
2021/04/08,310
2021/04/09,281
2021/04/10,294
2021/04/11,215
2021/04/12,264
2021/04/13,321
2021/04/14,295
2021/04/15,270
2021/04/16,298
2021/04/17,264
2021/04/18,258
2021/04/19,320
2021/04/20,313
2021/04/21,283
2021/04/22,252
2021/04/23,357
2021/04/24,301
2021/04/25,273
2021/04/26,300
2021/04/27,273
2021/04/28,380
2021/04/29,324
2021/04/30,331
2021/05/01,318
2021/05/02,330
2021/05/03,316
2021/05/04,345
2021/05/05,339
2021/05/06,339
2021/05/07,319
2021/05/08,305
2021/05/09,266
2021/05/10,279
2021/05/11,326
2021/05/12,329
2021/05/13,318
2021/05/14,411
2021/05/15,321
2021/05/16,337
2021/05/17,320
2021/05/18,374
2021/05/19,347
2021/05/20,385
2021/05/21,384
2021/05/22,378
2021/05/23,330
2021/05/24,322
2021/05/25,354
2021/05/26,333
2021/05/27,433
2021/05/28,358
2021/05/29,242
2021/05/30,256
2021/05/31,275
2021/06/01,355
2021/06/02,339
2021/06/03,288
2021/06/04,331
2021/06/05,365
2021/06/06,367
2021/06/07,381
2021/06/08,355
2021/06/09,353
2021/06/10,370
2021/06/11,343
2021/06/12,327
2021/06/13,330
2021/06/14,329
2021/06/15,369
2021/06/16,370
2021/06/17,388
2021/06/18,387
2021/06/19,372
2021/06/20,323
2021/06/21,361
2021/06/22,290
2021/06/23,353
2021/06/24,384
2021/06/25,381
2021/06/26,375
2021/06/27,333
2021/06/28,379
2021/06/29,350
2021/06/30,361
2021/07/01,319
2021/07/02,333
2021/07/03,291
2021/07/04,289
2021/07/05,322
2021/07/06,326
2021/07/07,324
2021/07/08,305
2021/07/09,346
2021/07/10,293
2021/07/11,263
2021/07/12,303
2021/07/13,298
2021/07/14,331
2021/07/15,372
2021/07/16,350
2021/07/17,339
2021/07/18,310
2021/07/19,328
2021/07/20,286
2021/07/21,330
2021/07/22,329
2021/07/23,324
2021/07/24,337
2021/07/25,322
2021/07/26,359
2021/07/27,318
2021/07/28,300
2021/07/29,319
2021/07/30,383
2021/07/31,353
2021/08/01,303
2021/08/02,325
2021/08/03,313
2021/08/04,291
2021/08/05,304
2021/08/06,355
2021/08/07,334
2021/08/08,314
2021/08/09,339
2021/08/10,331
2021/08/11,316
2021/08/12,324
2021/08/13,358
2021/08/14,302
2021/08/15,314
2021/08/16,301
2021/08/17,286
2021/08/18,334
2021/08/19,286
2021/08/20,325
2021/08/21,321
2021/08/22,257
2021/08/23,293
2021/08/24,332
2021/08/25,336
2021/08/26,343
2021/08/27,349
2021/08/28,303
2021/08/29,358
2021/08/30,323
2021/08/31,310
2021/09/01,319
2021/09/02,365
2021/09/03,352
2021/09/04,341
2021/09/05,293
2021/09/06,299
2021/09/07,337
2021/09/08,334
2021/09/09,294
2021/09/10,352
2021/09/11,333
2021/09/12,321
2021/09/13,378
2021/09/14,342
2021/09/15,356
2021/09/16,269
2021/09/17,375
2021/09/18,319
2021/09/19,318
2021/09/20,317
2021/09/21,311
2021/09/22,289
2021/09/23,319
2021/09/24,383
2021/09/25,358
2021/09/26,314
2021/09/27,325
2021/09/28,296
2021/09/29,343
2021/09/30,344
2021/10/01,385
2021/10/02,349
2021/10/03,328
2021/10/04,290
2021/10/05,318
2021/10/06,270
2021/10/07,368
2021/10/08,361
2021/10/09,268
2021/10/10,269
2021/10/11,297
2021/10/12,321
2021/10/13,312
2021/10/14,353
2021/10/15,381
2021/10/16,339
2021/10/17,319
2021/10/18,318
2021/10/19,302
2021/10/20,365
2021/10/21,371
2021/10/22,381
2021/10/23,312
2021/10/24,236
2021/10/25,330
2021/10/26,323
2021/10/27,323
2021/10/28,344
2021/10/29,357
2021/10/30,352
2021/10/31,362
2021/11/01,331
2021/11/02,276
2021/11/03,321
2021/11/04,317
2021/11/05,386
2021/11/06,335
2021/11/07,265
2021/11/08,329
2021/11/09,327
2021/11/10,346
2021/11/11,293
2021/11/12,353
2021/11/13,335
2021/11/14,269
2021/11/15,343
2021/11/16,315
2021/11/17,317
2021/11/18,351
2021/11/19,349
2021/11/20,305
2021/11/21,273
2021/11/22,314
2021/11/23,340
2021/11/24,368
2021/11/25,217
2021/11/26,261
2021/11/27,264
2021/11/28,271
2021/11/29,323
2021/11/30,282
2021/12/01,266
2021/12/02,319
2021/12/03,343
2021/12/04,278
2021/12/05,255
2021/12/06,345
2021/12/07,321
2021/12/08,287
2021/12/09,283
2021/12/10,301
2021/12/11,307
2021/12/12,266
2021/12/13,302
2021/12/14,322
2021/12/15,285
2021/12/16,317
2021/12/17,305
2021/12/18,331
2021/12/19,291
2021/12/20,292
2021/12/21,256
2021/12/22,278
2021/12/23,302
2021/12/24,281
2021/12/25,189
2021/12/26,186
2021/12/27,207
2021/12/28,221
2021/12/29,192
2021/12/30,223
2021/12/31,232
2022/01/01,283
2022/01/02,181
2022/01/03,208
2022/01/04,255
2022/01/05,306
2022/01/06,233
2022/01/07,296
2022/01/08,236
2022/01/09,234
2022/01/10,265
2022/01/11,257
2022/01/12,250
2022/01/13,268
2022/01/14,289
2022/01/15,236
2022/01/16,266
2022/01/17,203
2022/01/18,258
2022/01/19,255
2022/01/20,246
2022/01/21,288
2022/01/22,267
2022/01/23,229
2022/01/24,238
2022/01/25,235
2022/01/26,266
2022/01/27,272
2022/01/28,283
2022/01/29,276
2022/01/30,224
2022/01/31,312
2022/02/01,274
2022/02/02,268
2022/02/03,248
2022/02/04,288
2022/02/05,295
2022/02/06,270
2022/02/07,276
2022/02/08,279
2022/02/09,272
2022/02/10,302
2022/02/11,319
2022/02/12,237
2022/02/13,229
2022/02/14,305
2022/02/15,289
2022/02/16,278
2022/02/17,267
2022/02/18,279
2022/02/19,237
2022/02/20,245
2022/02/21,194
2022/02/22,244
2022/02/23,253
2022/02/24,223
2022/02/25,251
2022/02/26,247
2022/02/27,244
2022/02/28,278
2022/03/01,248
2022/03/02,246
2022/03/03,318
2022/03/04,328
2022/03/05,259
2022/03/06,237
2022/03/07,329
2022/03/08,259
2022/03/09,286
2022/03/10,268
2022/03/11,329
2022/03/12,253
2022/03/13,274
2022/03/14,311
2022/03/15,295
2022/03/16,311
2022/03/17,279
2022/03/18,362
2022/03/19,287
2022/03/20,259
2022/03/21,292
2022/03/22,290
2022/03/23,273
2022/03/24,266
2022/03/25,307
2022/03/26,288
2022/03/27,267
2022/03/28,299
2022/03/29,272
2022/03/30,285
2022/03/31,281
2022/04/01,290
2022/04/02,277
2022/04/03,257
2022/04/04,289
2022/04/05,252
2022/04/06,253
2022/04/07,283
2022/04/08,343
2022/04/09,293
2022/04/10,285
2022/04/11,283
2022/04/12,312
2022/04/13,296
2022/04/14,331
2022/04/15,292
2022/04/16,282
2022/04/17,241
2022/04/18,239
2022/04/19,256
2022/04/20,282
2022/04/21,237
2022/04/22,276
2022/04/23,285
2022/04/24,271
2022/04/25,256
2022/04/26,244
2022/04/27,314
2022/04/28,348
2022/04/29,361
2022/04/30,321
2022/05/01,278
2022/05/02,282
2022/05/03,282
2022/05/04,251
2022/05/05,351
2022/05/06,365
2022/05/07,293
2022/05/08,260
2022/05/09,295
2022/05/10,296
2022/05/11,300
2022/05/12,308
2022/05/13,332
2022/05/14,277
2022/05/15,306
2022/05/16,298
2022/05/17,315
2022/05/18,336
2022/05/19,321
2022/05/20,324
2022/05/21,349
2022/05/22,319
2022/05/23,334
2022/05/24,278
2022/05/25,304
2022/05/26,310
2022/05/27,315
2022/05/28,293
2022/05/29,282
2022/05/30,255
2022/05/31,354
2022/06/01,312
2022/06/02,317
2022/06/03,320
2022/06/04,300
2022/06/05,299
2022/06/06,311
2022/06/07,307
2022/06/08,311
2022/06/09,317
2022/06/10,366
2022/06/11,308
2022/06/12,275
2022/06/13,319
2022/06/14,315
2022/06/15,361
2022/06/16,302
2022/06/17,369
2022/06/18,317
2022/06/19,305
2022/06/20,281
2022/06/21,317
2022/06/22,265
2022/06/23,298
2022/06/24,355
2022/06/25,364
2022/06/26,343
2022/06/27,303
2022/06/28,295
2022/06/29,304
2022/06/30,322
2022/07/01,316
2022/07/02,276
2022/07/03,250
2022/07/04,255
2022/07/05,283
2022/07/06,290
2022/07/07,285
2022/07/08,296
2022/07/09,259
2022/07/10,250
2022/07/11,279
2022/07/12,267
2022/07/13,307
2022/07/14,271
2022/07/15,312
2022/07/16,277
2022/07/17,281
2022/07/18,303
2022/07/19,292
2022/07/20,290
2022/07/21,297
2022/07/22,334
2022/07/23,305
2022/07/24,265
2022/07/25,279
2022/07/26,276
2022/07/27,287
2022/07/28,298
2022/07/29,310
2022/07/30,306
2022/07/31,288
2022/08/01,294
2022/08/02,293
2022/08/03,324
2022/08/04,299
2022/08/05,323
2022/08/06,313
2022/08/07,267
2022/08/08,318
2022/08/09,284
2022/08/10,262
2022/08/11,287
2022/08/12,351
2022/08/13,307
2022/08/14,305
2022/08/15,241
2022/08/16,291
2022/08/17,261
2022/08/18,283
2022/08/19,286
2022/08/20,310
2022/08/21,272
2022/08/22,249
2022/08/23,273
2022/08/24,231
2022/08/25,277
2022/08/26,297
2022/08/27,306
2022/08/28,284
2022/08/29,259
2022/08/30,283
2022/08/31,293
2022/09/01,302
2022/09/02,289
2022/09/03,299
2022/09/04,251
2022/09/05,254
2022/09/06,340
2022/09/07,261
2022/09/08,301
2022/09/09,364
2022/09/10,272
2022/09/11,260
2022/09/12,314
2022/09/13,325
2022/09/14,308
2022/09/15,333
2022/09/16,350
2022/09/17,262
2022/09/18,295
2022/09/19,294
2022/09/20,288
2022/09/21,335
2022/09/22,279
2022/09/23,322
2022/09/24,287
2022/09/25,284
2022/09/26,260
2022/09/27,228
2022/09/28,284
2022/09/29,315
2022/09/30,328
2022/10/01,328
2022/10/02,246
2022/10/03,324
2022/10/04,270
2022/10/05,244
2022/10/06,336
2022/10/07,323
2022/10/08,305
2022/10/09,243
2022/10/10,216
2022/10/11,278
2022/10/12,314
2022/10/13,304
2022/10/14,347
2022/10/15,275
2022/10/16,248
2022/10/17,263
2022/10/18,250
2022/10/19,286
2022/10/20,299
2022/10/21,335
2022/10/22,326
2022/10/23,241
2022/10/24,295
2022/10/25,295
2022/10/26,266
2022/10/27,315
2022/10/28,302
2022/10/29,308
2022/10/30,290
2022/10/31,286
2022/11/01,279
2022/11/02,322
2022/11/03,318
2022/11/04,287
2022/11/05,294
2022/11/06,232
2022/11/07,280
2022/11/08,231
2022/11/09,259
2022/11/10,266
2022/11/11,310
2022/11/12,270
2022/11/13,237
2022/11/14,264
2022/11/15,298
2022/11/16,303
2022/11/17,290
2022/11/18,285
2022/11/19,319
2022/11/20,249
2022/11/21,305
2022/11/22,306
2022/11/23,297
2022/11/24,191
2022/11/25,233
2022/11/26,247
2022/11/27,238
2022/11/28,254
2022/11/29,240
2022/11/30,279
2022/12/01,291
2022/12/02,298
2022/12/03,280
2022/12/04,255
2022/12/05,269
2022/12/06,318
2022/12/07,298
2022/12/08,286
2022/12/09,305
2022/12/10,253
2022/12/11,233
2022/12/12,282
2022/12/13,302
2022/12/14,261
2022/12/15,335
2022/12/16,373
2022/12/17,278
2022/12/18,241
2022/12/19,277
2022/12/20,266
2022/12/21,268
2022/12/22,289
2022/12/23,311
2022/12/24,267
2022/12/25,180
2022/12/26,189
2022/12/27,213
2022/12/28,221
2022/12/29,203
2022/12/30,299
2022/12/31,249
2023/01/01,274
2023/01/02,202
2023/01/03,217
2023/01/04,249
2023/01/05,232
2023/01/06,232
2023/01/07,178
2023/01/08,188
2023/01/09,237
2023/01/10,251
2023/01/11,216
2023/01/12,277
2023/01/13,296
2023/01/14,243
2023/01/15,193
2023/01/16,216
2023/01/17,254
2023/01/18,258
2023/01/19,297
2023/01/20,235
2023/01/21,228
2023/01/22,243
2023/01/23,254
2023/01/24,234
2023/01/25,256
2023/01/26,255
2023/01/27,235
2023/01/28,257
2023/01/29,214
2023/01/30,232
2023/01/31,260
2023/02/01,256
2023/02/02,262
2023/02/03,307
2023/02/04,222
2023/02/05,207
2023/02/06,255
2023/02/07,256
2023/02/08,237
2023/02/09,238
2023/02/10,297
2023/02/11,261
2023/02/12,209
2023/02/13,264
2023/02/14,258
2023/02/15,264
2023/02/16,262
2023/02/17,276
2023/02/18,252
2023/02/19,241
2023/02/20,186
2023/02/21,226
2023/02/22,214
2023/02/23,214
2023/02/24,269
2023/02/25,239
2023/02/26,232
2023/02/27,246
2023/02/28,227
2023/03/01,310
2023/03/02,247
2023/03/03,282
2023/03/04,268
2023/03/05,264
2023/03/06,257
2023/03/07,273
2023/03/08,235
2023/03/09,296
2023/03/10,292
2023/03/11,245
2023/03/12,213
2023/03/13,317
2023/03/14,268
2023/03/15,282
2023/03/16,250
2023/03/17,282
2023/03/18,233
2023/03/19,248
2023/03/20,287
2023/03/21,247
2023/03/22,221
2023/03/23,261
2023/03/24,246
2023/03/25,226
2023/03/26,284
2023/03/27,264
2023/03/28,245
2023/03/29,274
2023/03/30,293
2023/03/31,256
2023/04/01,278
2023/04/02,246
2023/04/03,258
2023/04/04,302
2023/04/05,276
2023/04/06,225
2023/04/07,210
2023/04/08,223
2023/04/09,210
2023/04/10,217
2023/04/11,209
2023/04/12,234
2023/04/13,237
2023/04/14,287
2023/04/15,242
2023/04/16,222
2023/04/17,255
2023/04/18,237
2023/04/19,273
2023/04/20,287
2023/04/21,312
2023/04/22,259
2023/04/23,269
2023/04/24,302
2023/04/25,257
2023/04/26,285
2023/04/27,237
2023/04/28,305
2023/04/29,326
2023/04/30,284
2023/05/01,261
2023/05/02,244
2023/05/03,262
2023/05/04,287
2023/05/05,300
2023/05/06,345
2023/05/07,291
2023/05/08,299
2023/05/09,298
2023/05/10,268
2023/05/11,288
2023/05/12,368
2023/05/13,298
2023/05/14,289
2023/05/15,265
2023/05/16,286
2023/05/17,330
2023/05/18,320
2023/05/19,312
2023/05/20,300
2023/05/21,283
2023/05/22,284
2023/05/23,270
2023/05/24,274
2023/05/25,296
2023/05/26,295
2023/05/27,300
2023/05/28,267
2023/05/29,250
2023/05/30,286
2023/05/31,266
2023/06/01,333
2023/06/02,311
2023/06/03,216
2023/06/04,255
2023/06/05,252
2023/06/06,268
2023/06/07,259
2023/06/08,233
2023/06/09,286
2023/06/10,291
2023/06/11,251
2023/06/12,289
2023/06/13,273
2023/06/14,289
2023/06/15,284
2023/06/16,310
2023/06/17,269
2023/06/18,314
2023/06/19,261
2023/06/20,280
2023/06/21,268
2023/06/22,228
2023/06/23,254
2023/06/24,285
2023/06/25,288
2023/06/26,287
2023/06/27,272
2023/06/28,240
2023/06/29,261
2023/06/30,265
2023/07/01,230
2023/07/02,244
2023/07/03,274
2023/07/04,229
2023/07/05,278
2023/07/06,263
2023/07/07,269
2023/07/08,244
2023/07/09,242
2023/07/10,264
2023/07/11,274
2023/07/12,280
2023/07/13,282
2023/07/14,271
2023/07/15,251
2023/07/16,281
2023/07/17,309
2023/07/18,246
2023/07/19,228
2023/07/20,283
2023/07/21,323
2023/07/22,282
2023/07/23,248
2023/07/24,248
2023/07/25,300
2023/07/26,269
2023/07/27,242
2023/07/28,287
2023/07/29,270
2023/07/30,256
2023/07/31,260
2023/08/01,280
2023/08/02,254
2023/08/03,261
2023/08/04,271
2023/08/05,260
2023/08/06,267
2023/08/07,245
2023/08/08,239
2023/08/09,258
2023/08/10,289
2023/08/11,274
2023/08/12,300
2023/08/13,271
2023/08/14,270
2023/08/15,254
2023/08/16,261
2023/08/17,202
2023/08/18,294
2023/08/19,272
2023/08/20,261
2023/08/21,253
2023/08/22,230
2023/08/23,221
2023/08/24,235
2023/08/25,241
2023/08/26,250
2023/08/27,248
2023/08/28,231
2023/08/29,222
2023/08/30,255
2023/08/31,308
2023/09/01,281
2023/09/02,278
2023/09/03,259
2023/09/04,265
2023/09/05,283
2023/09/06,289
2023/09/07,303
2023/09/08,257
2023/09/09,266
2023/09/10,239
2023/09/11,285
2023/09/12,278
2023/09/13,260
2023/09/14,302
2023/09/15,270
2023/09/16,280
2023/09/17,209
2023/09/18,270
2023/09/19,277
2023/09/20,280
2023/09/21,275
2023/09/22,277
2023/09/23,250
2023/09/24,268
2023/09/25,224
2023/09/26,261
2023/09/27,284
2023/09/28,297
2023/09/29,293
2023/09/30,232
2023/10/01,224
2023/10/02,248
2023/10/03,291
2023/10/04,253
2023/10/05,253
2023/10/06,253
2023/10/07,218
