ID,Label
1222328696.0,-1
1222294295.0,-1
1222294297.0,-1
1222283377.0,-1
1222283410.0,-1
1222283886.0,-1
1222294298.0,-1
1222334003.0,-1
1222334004.0,-1
1222286996.0,-1
1222334005.0,-1
1222334006.0,-1
1222334007.0,-1
1222334008.0,-1
1222283446.0,-1
1222334009.0,-1
1222334010.0,-1
1222285830.0,-1
1222286969.0,-1
1222294300.0,-1
1222334011.0,-1
1222334012.0,-1
1222283473.0,-1
1222334013.0,-1
1222334014.0,-1
1222334015.0,-1
1222283502.0,-1
1222334016.0,-1
1222334017.0,-1
1222294301.0,-1
1222334018.0,-1
1222283492.0,-1
1222334019.0,-1
1222286993.0,-1
1222294302.0,-1
1222291088.0,-1
1222283506.0,-1
1222283507.0,-1
1222283535.0,-1
1222334020.0,-1
1222334021.0,-1
1222283918.0,-1
1222283546.0,-1
1222283420.0,-1
1222334022.0,-1
1222334023.0,-1
1222294313.0,-1
1222300320.0,-1
1222283564.0,-1
1222283584.0,-1
1222294333.0,-1
1222334024.0,-1
1222282430.0,-1
1222293097.0,-1
1222283435.0,-1
1222283641.0,-1
1222283649.0,-1
1222283650.0,-1
1222334025.0,-1
1222283664.0,-1
1222294323.0,-1
1222282434.0,-1
1222283670.0,-1
1222334026.0,-1
1222283680.0,-1
1222334027.0,-1
1222283724.0,-1
1222294325.0,-1
1222294326.0,-1
1222283730.0,-1
1222283753.0,-1
1222283765.0,-1
1222283766.0,-1
1222283769.0,-1
1222294327.0,-1
1222286991.0,-1
1222283774.0,-1
1222283804.0,-1
1222283398.0,-1
1222294343.0,-1
1222334028.0,-1
1222283869.0,-1
1222285234.0,-1
1222294346.0,-1
1222285233.0,-1
1222294348.0,-1
1222300322.0,-1
1222334029.0,-1
1222283870.0,-1
1222334030.0,-1
1222294368.0,-1
1222283888.0,-1
1222283901.0,-1
1222300324.0,-1
1222285241.0,0
1222283925.0,0
1222334031.0,0
1222283944.0,0
1222290990.0,0
1222298416.0,-1
1222283947.0,-1
1222334032.0,0
1222334033.0,0
1222334034.0,0
1222283954.0,-1
1222283957.0,-1
1222296659.0,-1
1222334035.0,-1
1222282974.0,-1
1222296680.0,-1
1222282995.0,-1
1222285599.0,-1
1222283015.0,-1
1222334038.0,-1
1222296661.0,-1
1222283048.0,-1
1222296662.0,-1
1222292139.0,-1
1222334039.0,-1
1222283105.0,-1
1222283150.0,-1
1222283157.0,-1
1222296666.0,-1
1222283184.0,-1
1222287520.0,-1
1222292271.0,-1
1222298515.0,-1
1222296675.0,-1
1222334041.0,-1
1222296682.0,-1
1222292222.0,-1
1222298517.0,-1
1222334042.0,-1
1222283101.0,-1
1222296678.0,-1
1222286222.0,-1
1222292260.0,-1
1222283294.0,-1
1222283278.0,-1
1222334043.0,-1
1222334044.0,-1
1222334045.0,-1
1222296703.0,-1
1222334047.0,-1
1222292307.0,-1
1222334048.0,-1
1222334049.0,-1
1222334050.0,-1
1222283983.0,-1
1222294359.0,-1
1222285249.0,-1
1222283995.0,-1
1222285833.0,-1
1222294361.0,-1
1222282439.0,-1
1222294374.0,-1
1222292591.0,-1
1222283378.0,-1
1222296749.0,-1
1222296786.0,-1
1222293049.0,-1
1222285636.0,-1
1222293234.0,-1
1222296825.0,-1
1222294915.0,-1
1222296843.0,-1
1222334062.0,-1
1222293272.0,-1
1222283461.0,-1
1222293371.0,-1
1222293233.0,-1
54433326.0,-1
54733029.0,-1
54833024.0,-1
1222334073.0,-1
55033071.0,-1
1222297802.0,-1
55333071.0,2
1222297803.0,-1
135833063.0,-1
55833025.0,-1
55933311.0,-1
56233324.0,-1
56433029.0,-1
78333068.0,-1
58533309.0,-1
58633025.0,-1
103033319.0,-1
58833076.0,-1
59533321.0,-1
59933073.0,-1
60033313.0,2
1222334075.0,2
1222295325.0,-1
87433069.0,-1
60533321.0,-1
61433351.0,-1
61533321.0,-1
110133063.0,-1
62133351.0,2
1222334077.0,-1
62233321.0,-1
86233069.0,-1
135933325.0,-1
110433076.0,-1
62733331.0,2
1222334079.0,2
1222298206.0,-1
62933071.0,-1
90433311.0,-1
65533309.0,-1
61633311.0,2
1222334082.0,-1
136433068.0,2
1222297812.0,-1
80133071.0,-1
63633326.0,-1
1222298208.0,2
1222334086.0,-1
64133321.0,-1
64233068.0,-1
74633328.0,-1
92633351.0,-1
64433073.0,2
1222334087.0,2
1222297814.0,2
1222295213.0,-1
105333327.0,-1
105433076.0,-1
64933029.0,-1
61133313.0,-1
93933319.0,2
1222334088.0,2
1222298211.0,-1
67333068.0,-1
67533321.0,-1
1222334089.0,-1
67833069.0,-1
1222292799.0,2
1222298216.0,2
1222297807.0,2
1222298217.0,-1
68233029.0,-1
68333026.0,-1
65033324.0,2
1222297825.0,2
1222334091.0,-1
110633063.0,2
1222297817.0,2
1222297818.0,-1
137133311.0,-1
69033330.0,-1
69133065.0,-1
69233065.0,-1
1222284756.0,-1
1222334092.0,-1
69633325.0,-1
69933326.0,-1
70033076.0,-1
70133324.0,2
1222334094.0,2
1222334095.0,-1
70633069.0,-1
108833065.0,-1
70933328.0,-1
71233325.0,-1
71533073.0,2
1222334097.0,-1
71733026.0,2
1222298225.0,2
1222298226.0,2
1222297832.0,-1
1222334098.0,-1
1222334099.0,-1
90033068.0,-1
109633063.0,2
1222334102.0,-1
1222334103.0,-1
74133065.0,-1
1222334104.0,-1
74933024.0,-1
89833351.0,-1
137833311.0,-1
69533069.0,2
1222292806.0,-1
75333328.0,2
1222334108.0,2
1222297873.0,-1
76333351.0,2
1222297829.0,-1
76433068.0,2
1222334111.0,-1
138133063.0,-1
1222334112.0,-1
1222334114.0,2
1222334115.0,-1
1222298232.0,-1
77633327.0,-1
77533067.0,-1
98233351.0,2
1222334117.0,-1
104033319.0,-1
78233068.0,2
1222334118.0,2
1222293104.0,2
1222284776.0,2
1222334120.0,-1
107933024.0,2
1222334121.0,-1
80533076.0,-1
80933073.0,2
1222334122.0,-1
81233076.0,-1
139533313.0,2
1222298249.0,-1
81633325.0,-1
1222298250.0,-1
81833322.0,-1
81933351.0,-1
82133063.0,-1
81733024.0,-1
82333068.0,-1
82533313.0,2
1222298251.0,-1
1222298252.0,2
1222292807.0,2
1222334124.0,-1
82933063.0,-1
1222298253.0,-1
83133024.0,-1
83233442.0,-1
83033063.0,-1
83333025.0,2
1222297841.0,2
1222297842.0,-1
60733028.0,-1
1222334126.0,2
1222334127.0,2
1222334128.0,-1
66033351.0,-1
83833328.0,-1
73133324.0,-1
84533326.0,-1
84033328.0,-1
84633028.0,2
1222297843.0,2
1222334130.0,2
1222334131.0,2
1222334132.0,-1
102033313.0,-1
85633029.0,-1
85933325.0,2
1222297836.0,-1
106833063.0,2
1222292819.0,-1
1222297837.0,2
1222334135.0,-1
87533067.0,-1
61933068.0,-1
103633069.0,2
1222334137.0,-1
1222297845.0,-1
1222284824.0,-1
101733027.0,-1
89033029.0,-1
89133330.0,-1
1222297847.0,2
1222334139.0,-1
89533328.0,-1
1222297844.0,-1
89933073.0,-1
138933319.0,2
1222334144.0,-1
90733313.0,-1
91033351.0,-1
91133322.0,-1
91233025.0,2
1222296548.0,-1
1222297859.0,-1
1222334145.0,-1
139433328.0,2
1222298263.0,-1
92033027.0,-1
92133029.0,-1
92333324.0,-1
92433067.0,-1
56133025.0,2
1222297864.0,-1
139833076.0,-1
1222334147.0,-1
93033325.0,2
1222334148.0,-1
1222297865.0,-1
93833067.0,2
1222298283.0,-1
94133328.0,-1
94433027.0,2
1222334149.0,-1
100633313.0,-1
94733325.0,-1
113433065.0,-1
138533330.0,-1
140233309.0,-1
95633025.0,2
1222297815.0,-1
95933067.0,-1
1222334150.0,-1
1222334151.0,2
1222298284.0,-1
96733325.0,-1
96833066.0,-1
97533026.0,-1
97933065.0,-1
98433071.0,-1
92533067.0,2
1222298287.0,-1
98833063.0,-1
1222334156.0,-1
82633324.0,-1
85233321.0,-1
99233076.0,2
1222334158.0,-1
1222292889.0,-1
1222295319.0,-1
141233325.0,-1
141433328.0,2
1222334159.0,-1
99833311.0,-1
141733330.0,-1
99933071.0,-1
100133026.0,-1
100233326.0,-1
113833325.0,2
1222298288.0,-1
100833351.0,-1
101433068.0,-1
101533027.0,-1
1222297867.0,-1
101933026.0,-1
102533063.0,-1
102933029.0,-1
103233328.0,-1
103333313.0,-1
103433025.0,-1
108533026.0,-1
83733076.0,-1
104233313.0,-1
104533330.0,-1
104633071.0,2
1222297879.0,-1
104833327.0,-1
104933324.0,-1
1222334164.0,-1
105533025.0,2
1222334165.0,-1
105833025.0,-1
1222297878.0,-1
70833328.0,-1
1222334167.0,2
1222283132.0,-1
81333328.0,-1
138633330.0,-1
142133326.0,-1
106933063.0,-1
106333326.0,-1
106533063.0,-1
106433063.0,2
1222284852.0,-1
1222298293.0,-1
1222298294.0,-1
107733324.0,-1
79033319.0,-1
68633068.0,-1
108433328.0,2
1222298295.0,-1
1222334170.0,2
1222334172.0,-1
142533326.0,-1
109533326.0,-1
110033309.0,-1
110333351.0,-1
1222334174.0,2
1222297876.0,2
1222287531.0,2
1222334175.0,2
1222334176.0,-1
111133326.0,-1
111733071.0,-1
112433067.0,-1
112533024.0,-1
112733311.0,-1
112833029.0,-1
112933328.0,2
1222287528.0,-1
113633073.0,-1
1222292316.0,-1
1222292342.0,-1
1222296704.0,-1
1222287522.0,-1
1222294356.0,-1
1222294367.0,-1
1222334181.0,-1
1222294372.0,-1
1222334182.0,-1
1222294380.0,-1
1222334183.0,-1
1222289261.0,-1
1222294385.0,-1
1222297030.0,-1
1222294400.0,-1
1222297031.0,-1
1222294401.0,-1
1222292574.0,-1
1222297026.0,-1
1222334184.0,-1
1222334185.0,-1
1222294398.0,-1
1222334186.0,-1
1222292580.0,-1
1222334187.0,-1
1222294917.0,-1
1222297042.0,-1
1222297032.0,-1
1222297028.0,-1
1222334188.0,-1
1222283694.0,-1
1222297038.0,-1
1222294429.0,-1
1222334189.0,-1
1222282351.0,-1
1222282352.0,-1
1222282360.0,-1
1222286824.0,-1
1222282362.0,-1
1222293628.0,-1
1222334190.0,-1
1222334191.0,-1
1222282364.0,-1
1222282366.0,-1
1222293623.0,-1
1222334192.0,-1
1222282368.0,-1
1222282371.0,-1
1222282168.0,-1
1222282381.0,-1
1222293615.0,-1
1222293621.0,-1
1222282383.0,-1
1222285147.0,-1
1222282388.0,-1
1222282389.0,-1
1222292861.0,-1
1222285155.0,-1
1222298394.0,-1
1222293619.0,-1
1222282394.0,-1
1222293620.0,-1
1222282395.0,-1
1222282396.0,-1
1222334193.0,-1
1222294873.0,-1
1222282397.0,-1
1222334194.0,-1
1222293631.0,-1
1222334195.0,-1
1222282022.0,-1
1222334196.0,-1
1222281933.0,-1
1222334197.0,-1
1222281934.0,-1
1222285531.0,-1
1222293216.0,-1
1222281938.0,-1
1222281941.0,0
1222334198.0,0
1222334199.0,-1
1222334200.0,-1
1222334201.0,-1
1222334202.0,-1
1222334203.0,0
1222334204.0,0
1222334205.0,-1
1222334206.0,-1
1222334207.0,-1
1222334208.0,-1
1222334209.0,-1
1222281943.0,-1
1222334210.0,-1
1222281960.0,-1
1222293219.0,-1
1222281945.0,-1
1222293220.0,-1
1222334211.0,-1
1222298351.0,-1
1222334212.0,-1
1222334213.0,-1
1222334214.0,-1
1222281953.0,-1
1222281954.0,-1
1222281956.0,-1
1222281957.0,0
1222293232.0,0
1222334215.0,-1
1222281964.0,0
1222334216.0,-1
1222281936.0,0
1222281977.0,-1
1222281966.0,0
1222281968.0,-1
1222281970.0,-1
1222281971.0,-1
1222281972.0,-1
1222293227.0,-1
1222281973.0,-1
1222334217.0,-1
1222281975.0,-1
1222281976.0,-1
1222334218.0,-1
1222293267.0,0
1222334219.0,-1
1222281986.0,-1
1222293224.0,-1
1222293226.0,-1
1222293225.0,0
1222293549.0,-1
1222293236.0,-1
1222293237.0,-1
1222293240.0,-1
1222293241.0,0
1222293243.0,-1
1222293244.0,-1
1222334220.0,-1
1222293249.0,0
1222293239.0,-1
1222293252.0,0
1222293255.0,-1
1222290691.0,0
1222334221.0,-1
1222282044.0,-1
1222293250.0,-1
1222293256.0,-1
1222293258.0,0
1222293261.0,-1
1222282041.0,0
1222293262.0,-1
1222293263.0,-1
1222293264.0,-1
1222293265.0,-1
1222334222.0,-1
1222297041.0,-1
1222297049.0,-1
1222297050.0,-1
1222297051.0,-1
1222297091.0,-1
1222294468.0,-1
1222294471.0,-1
1222334224.0,-1
1222334225.0,-1
1222294482.0,-1
1222297040.0,-1
1222294484.0,-1
1222334226.0,-1
1222334227.0,-1
1222334228.0,-1
1222334229.0,-1
1222334230.0,-1
1222297052.0,-1
1222334231.0,-1
1222334232.0,-1
1222297085.0,-1
1222294485.0,-1
1222334233.0,-1
1222285410.0,-1
1222297055.0,-1
1222294486.0,-1
1222297056.0,-1
1222297048.0,-1
1222334234.0,-1
1222285408.0,-1
1222291089.0,-1
1222294488.0,-1
1222294489.0,-1
1222298547.0,-1
1222298548.0,-1
1222294518.0,-1
1222294522.0,-1
1222334235.0,-1
1222334236.0,-1
1222297062.0,-1
1222294579.0,-1
1222297063.0,-1
1222334237.0,-1
1222297064.0,-1
1222297065.0,-1
1222293142.0,-1
1222294987.0,-1
1222297066.0,-1
1222294678.0,-1
1222294435.0,-1
1222294705.0,-1
1222334238.0,-1
1222283742.0,-1
1222294728.0,-1
1222294742.0,-1
1222294790.0,-1
1222294791.0,-1
1222334239.0,-1
1222297073.0,-1
1222294879.0,-1
1222294657.0,-1
1222294928.0,-1
1222294965.0,-1
1222294970.0,-1
1222297071.0,-1
1222294565.0,-1
1222297068.0,-1
1222294567.0,-1
1222297070.0,-1
1222295098.0,-1
1222294999.0,-1
1222334240.0,-1
1222295003.0,-1
1222297076.0,-1
1222297077.0,-1
1222297078.0,-1
1222297081.0,-1
1222297082.0,-1
1222297083.0,-1
1222297084.0,-1
1222283776.0,-1
1222334241.0,-1
1222295044.0,-1
1222295099.0,-1
1222334242.0,-1
1222297079.0,-1
1222295089.0,-1
1222297086.0,-1
1222297095.0,-1
1222297096.0,-1
1222281788.0,-1
1222281797.0,-1
1222293161.0,-1
1222281808.0,-1
1222293176.0,-1
1222281835.0,-1
1222293177.0,-1
1222282001.0,-1
1222293178.0,-1
1222282003.0,-1
1222334243.0,-1
1222282004.0,-1
1222297916.0,-1
1222281858.0,-1
1222334244.0,-1
1222281849.0,-1
1222281860.0,-1
1222334245.0,-1
1222281861.0,-1
1222334246.0,-1
1222281868.0,-1
1222281882.0,-1
1222281822.0,-1
1222334247.0,-1
1222334248.0,-1
1222296555.0,-1
1222296564.0,-1
1222285375.0,-1
1222286233.0,-1
1222291710.0,-1
1222334249.0,-1
1222291718.0,-1
1222334250.0,-1
1222296569.0,-1
1222291723.0,-1
1222334251.0,-1
1222282058.0,0
1222282215.0,-1
1222281988.0,-1
1222281991.0,0
1222281993.0,0
1222281994.0,0
1222334252.0,-1
1222293494.0,-1
1222282172.0,0
1222281998.0,0
1222293273.0,0
1222334253.0,0
1222281999.0,0
1222293275.0,-1
1222282007.0,0
1222293284.0,0
1222297920.0,-1
1222282011.0,-1
1222282013.0,-1
1222293446.0,0
1222293290.0,-1
1222334254.0,0
1222293270.0,-1
1222293295.0,-1
1222293296.0,0
1222334256.0,0
1222334257.0,-1
1222282153.0,-1
1222334258.0,0
1222334259.0,-1
1222334260.0,0
1222334261.0,-1
1222334262.0,-1
1222334263.0,-1
1222334264.0,0
1222293457.0,-1
1222282276.0,-1
1222293462.0,-1
1222334265.0,0
1222334266.0,0
1222282072.0,0
1222282243.0,-1
1222334267.0,0
1222293307.0,0
1222334268.0,0
1222293306.0,-1
1222282073.0,0
1222282064.0,-1
1222282186.0,0
1222285101.0,-1
1222282164.0,-1
1222282032.0,-1
1222293313.0,0
1222285104.0,0
1222282035.0,0
1222293324.0,0
1222293316.0,-1
1222282038.0,-1
1222282114.0,0
1222282045.0,0
1222282048.0,0
1222293326.0,0
1222298369.0,-1
1222334269.0,-1
1222334270.0,-1
1222282049.0,-1
1222282051.0,0
1222334271.0,-1
1222334272.0,-1
1222293458.0,-1
1222334273.0,-1
1222282046.0,0
1222293330.0,-1
1222282112.0,-1
1222282096.0,0
1222282176.0,-1
1222293425.0,-1
1222293364.0,0
1222293365.0,-1
1222282277.0,0
1222334274.0,-1
1222334275.0,0
1222285773.0,0
1222282031.0,-1
1222293367.0,0
1222334276.0,-1
1222334278.0,-1
1222334279.0,-1
1222334281.0,0
1222334282.0,0
1222334283.0,-1
1222334284.0,0
1222334285.0,0
1222334286.0,-1
1222334287.0,0
1222334288.0,0
1222334289.0,0
1222334290.0,0
1222282050.0,0
1222334291.0,0
1222334292.0,-1
1222282053.0,-1
1222334293.0,0
1222334294.0,0
1222282054.0,0
1222282060.0,0
1222293376.0,-1
1222298355.0,0
1222334296.0,-1
1222282065.0,-1
1222293382.0,-1
1222334297.0,-1
1222293277.0,-1
1222334298.0,-1
1222282297.0,0
1222281989.0,-1
1222334299.0,-1
1222282147.0,-1
1222282075.0,0
1222282076.0,0
1222298356.0,0
1222334300.0,0
1222334301.0,-1
1222334302.0,-1
1222293384.0,-1
1222293415.0,-1
1222298368.0,-1
1222282100.0,-1
1222334303.0,0
1222293389.0,0
1222282101.0,0
1222282103.0,-1
1222334304.0,-1
1222334305.0,-1
1222334306.0,0
1222334307.0,0
1222334308.0,0
1222282104.0,-1
1222282106.0,0
1222282155.0,0
1222293401.0,-1
1222293403.0,-1
1222293406.0,0
1222282108.0,0
1222293545.0,0
1222282109.0,-1
1222293416.0,0
1222334310.0,0
1222334311.0,0
1222334312.0,0
1222293274.0,0
1222334313.0,-1
1222334314.0,0
1222334315.0,0
1222293419.0,-1
1222334316.0,0
1222282123.0,0
1222282124.0,-1
1222282127.0,0
1222334317.0,-1
1222334318.0,0
1222334319.0,0
1222334320.0,-1
1222282097.0,-1
1222334321.0,-1
1222334322.0,0
1222282130.0,0
1222285788.0,0
1222282136.0,0
1222282148.0,0
1222282137.0,-1
1222282118.0,0
1222282122.0,-1
1222282140.0,0
1222282146.0,0
1222285102.0,0
1222334323.0,-1
1222334324.0,-1
1222293430.0,-1
1222282149.0,0
1222282151.0,0
1222282150.0,0
1222293438.0,0
1222282152.0,0
1222282154.0,-1
1222334325.0,0
1222334326.0,-1
1222296690.0,-1
1222294116.0,0
1222282157.0,-1
1222282113.0,0
1222282158.0,0
1222334327.0,-1
1222282161.0,0
1222282163.0,0
1222293444.0,0
1222282165.0,0
1222293428.0,-1
1222282167.0,0
1222334328.0,0
1222282169.0,-1
1222293456.0,-1
1222285109.0,0
1222334329.0,0
1222334330.0,0
1222334331.0,-1
1222334332.0,-1
1222297930.0,-1
1222334333.0,0
1222282252.0,0
1222334334.0,0
1222282175.0,-1
1222282174.0,-1
1222290989.0,-1
1222282222.0,0
1222334335.0,0
1222334336.0,0
1222334337.0,0
1222282177.0,0
1222282182.0,0
1222334339.0,0
1222282184.0,0
1222334340.0,-1
1222334341.0,0
1222282187.0,-1
1222282116.0,-1
1222334342.0,0
1222282197.0,-1
1222282193.0,-1
1222334343.0,-1
1222334344.0,-1
1222282196.0,-1
1222334346.0,0
1222334347.0,0
1222282199.0,0
1222334348.0,0
1222334349.0,-1
1222293460.0,-1
1222293476.0,-1
1222334350.0,0
1222282059.0,0
1222293478.0,-1
1222334351.0,-1
1222334352.0,0
1222297928.0,0
1222334353.0,0
1222334354.0,-1
1222282142.0,0
1222282218.0,0
1222334355.0,-1
1222282143.0,-1
1222282220.0,0
1222282210.0,-1
1222282213.0,-1
1222334356.0,-1
1222334357.0,0
1222334358.0,-1
1222282216.0,-1
1222282217.0,-1
1222282224.0,0
1222281997.0,-1
1222282221.0,-1
1222334359.0,0
1222298371.0,0
1222282223.0,0
1222298372.0,0
1222282226.0,-1
1222334360.0,-1
1222282071.0,-1
1222282227.0,0
1222334361.0,0
1222334362.0,0
1222334363.0,-1
1222334364.0,-1
1222282099.0,-1
1222334365.0,0
1222334366.0,-1
1222334367.0,-1
1222334368.0,0
1222293472.0,0
1222334369.0,-1
1222334370.0,-1
1222334371.0,0
1222334372.0,0
1222282232.0,-1
1222334373.0,0
1222282233.0,-1
1222334374.0,0
1222334376.0,-1
1222293286.0,0
1222293491.0,-1
1222298375.0,0
1222282241.0,-1
1222282062.0,-1
1222282244.0,-1
1222334378.0,-1
1222334379.0,-1
1222282296.0,-1
1222334380.0,0
1222334381.0,0
1222293497.0,0
1222282230.0,0
1222282249.0,0
1222334382.0,0
1222334383.0,-1
1222293498.0,0
1222334384.0,-1
1222285117.0,0
1222334385.0,0
1222282251.0,0
1222282257.0,0
1222334386.0,0
1222282263.0,0
1222282268.0,-1
1222282125.0,0
1222282111.0,-1
1222293474.0,0
1222282280.0,0
1222282670.0,-1
1222282782.0,0
1222282779.0,0
1222294315.0,-1
1222282282.0,0
1222285126.0,-1
1222282286.0,0
1222334387.0,-1
1222334388.0,-1
1222334389.0,0
1222293544.0,0
1222334390.0,-1
1222282293.0,0
1222297929.0,-1
1222334391.0,-1
1222294073.0,0
1222282299.0,-1
1222334392.0,0
1222293551.0,-1
1222282300.0,-1
1222334393.0,0
1222282301.0,0
1222334394.0,-1
1222298390.0,-1
1222298391.0,0
1222282302.0,-1
1222286810.0,0
1222334395.0,-1
1222334396.0,-1
1222282162.0,0
1222334397.0,-1
1222282009.0,0
1222334398.0,0
1222334399.0,0
1222293561.0,0
1222334400.0,-1
1222282308.0,-1
1222334401.0,-1
1222334402.0,0
1222293368.0,0
1222334403.0,0
1222334404.0,-1
1222293539.0,0
1222334405.0,0
1222334406.0,-1
1222334407.0,0
1222293398.0,-1
1222293461.0,-1
1222290692.0,-1
1222334408.0,0
1222334409.0,-1
1222282309.0,0
1222334410.0,-1
1222282310.0,-1
1222282323.0,-1
1222282324.0,-1
1222293557.0,-1
1222281811.0,-1
1222334411.0,-1
1222298310.0,-1
1222334413.0,-1
1222281793.0,-1
1222308848.0,-1
1222297902.0,-1
1222298314.0,-1
1222292960.0,-1
1222292946.0,-1
1222334419.0,-1
1222298317.0,-1
1222292958.0,-1
1222334422.0,-1
1222297905.0,-1
1222296727.0,-1
1222334426.0,-1
1222281801.0,-1
1222334430.0,-1
1222334431.0,-1
1222298320.0,-1
1222334432.0,-1
1222294914.0,-1
1222334438.0,-1
1222334439.0,-1
1222285035.0,-1
1222281827.0,-1
1222292978.0,-1
1222298326.0,-1
1222293937.0,-1
1222282986.0,-1
1222293934.0,-1
1222334445.0,-1
1222282987.0,-1
1222282988.0,-1
1222282990.0,-1
1222293952.0,-1
1222282992.0,-1
1222293954.0,-1
1222294544.0,-1
1222334447.0,-1
1222308871.0,-1
1222293080.0,-1
1222308880.0,-1
1222334449.0,-1
1222334450.0,-1
1222334451.0,-1
1222334452.0,-1
1222334453.0,-1
1222334454.0,-1
1222293090.0,-1
1222293079.0,-1
1222334455.0,-1
1222308873.0,-1
1222308872.0,-1
1222308874.0,-1
1222308875.0,-1
1222308876.0,-1
1222308877.0,-1
1222308879.0,-1
1222334456.0,-1
1222297912.0,-1
1222334457.0,-1
1222282443.0,-1
1222282445.0,-1
1222334458.0,-1
1222294570.0,-1
1222296687.0,-1
1222296705.0,-1
1222334459.0,-1
1222334460.0,-1
1222286734.0,-1
1222293182.0,-1
1222286258.0,-1
1222286266.0,-1
1222294755.0,-1
1222294756.0,-1
1222334461.0,-1
1222294759.0,-1
1222286343.0,-1
1222286346.0,-1
1222334462.0,-1
1222294761.0,-1
1222294754.0,-1
1222286286.0,-1
1222286288.0,-1
1222286248.0,-1
1222283797.0,-1
1222297097.0,-1
1222334463.0,-1
1222295132.0,-1
1222334464.0,-1
1222295144.0,-1
1222295179.0,-1
1222295185.0,-1
1222334466.0,-1
1222295187.0,-1
1222334467.0,-1
1222334468.0,-1
1222286843.0,-1
1222282171.0,-1
1222334469.0,-1
1222293680.0,-1
1222293678.0,-1
1222334470.0,-1
1222293654.0,-1
1222334471.0,-1
1222293630.0,-1
1222334472.0,-1
1222334473.0,-1
1222334474.0,-1
1222293629.0,-1
1222282406.0,-1
1222293642.0,-1
1222293636.0,-1
1222282407.0,-1
1222282408.0,-1
1222293637.0,-1
1222282409.0,-1
1222282414.0,-1
1222293643.0,-1
1222282416.0,-1
1222282417.0,-1
1222286846.0,-1
1222334475.0,-1
1222282421.0,-1
1222282423.0,-1
1222286848.0,-1
1222282178.0,-1
1222285148.0,-1
1222282424.0,-1
1222282431.0,-1
1222334476.0,-1
1222282432.0,-1
1222282402.0,-1
1222282433.0,-1
1222334477.0,-1
1222293655.0,-1
1222293644.0,-1
1222293650.0,-1
1222293658.0,-1
1222334478.0,-1
1222293667.0,-1
1222293666.0,-1
1222293665.0,-1
1222293662.0,-1
1222293679.0,-1
1222293677.0,-1
1222293673.0,-1
1222285806.0,-1
1222334479.0,-1
1222282550.0,-1
1222286358.0,-1
1222294763.0,-1
1222294753.0,-1
1222334480.0,-1
1222286366.0,-1
1222286636.0,-1
1222334481.0,-1
1222286431.0,-1
1222286458.0,-1
1222286482.0,-1
1222294774.0,-1
1222334482.0,-1
1222334484.0,-1
1222286502.0,-1
1222286523.0,-1
1222334486.0,-1
1222286669.0,-1
1222298456.0,-1
1222294772.0,-1
1222287111.0,-1
1222294777.0,-1
1222286674.0,-1
1222282554.0,-1
1222286832.0,-1
1222286579.0,-1
1222286929.0,-1
1222294775.0,-1
1222294773.0,-1
1222294780.0,-1
1222334487.0,-1
338033604.0,-1
1222297533.0,-1
1222297534.0,-1
338733614.0,-1
338833615.0,-1
1222297213.0,-1
339433607.0,-1
1222297214.0,-1
1222334488.0,-1
339833610.0,-1
366333619.0,-1
1222284384.0,-1
1222284385.0,-1
1222284388.0,-1
1222297215.0,-1
340133612.0,-1
1222297239.0,-1
1222297248.0,-1
1222334489.0,-1
341533615.0,-1
1222334490.0,-1
341633617.0,-1
1222297804.0,-1
1222297536.0,-1
1222297535.0,-1
341733510.0,-1
1222334491.0,-1
1222334492.0,-1
1222297290.0,-1
342233614.0,-1
1222297979.0,-1
379733558.0,-1
344333617.0,-1
1222297543.0,-1
342633629.0,-1
1222297890.0,-1
1222297537.0,-1
378133511.0,-1
343233610.0,-1
1222297316.0,-1
362033511.0,-1
343833618.0,-1
353333619.0,-1
380033615.0,-1
1222297203.0,-1
344433647.0,-1
344533647.0,-1
1222334493.0,-1
1222294920.0,-1
1222297340.0,-1
1222297341.0,-1
344933614.0,-1
345233618.0,-1
345433511.0,-1
1222297892.0,-1
1222284413.0,-1
345833610.0,-1
1222334494.0,-1
348933634.0,-1
1222297351.0,-1
1222334495.0,-1
1222297350.0,-1
1222334496.0,-1
356633614.0,-1
346333510.0,-1
1222334497.0,-1
338533594.0,-1
1222284441.0,-1
346933634.0,-1
1222292683.0,-1
1222284446.0,-1
347033624.0,-1
377033511.0,-1
1222297366.0,-1
347133611.0,-1
347333610.0,-1
1222297202.0,-1
1222292698.0,-1
1222297575.0,-1
347933609.0,-1
1222297571.0,-1
348033615.0,-1
369433534.0,-1
348333619.0,-1
348833547.0,-1
1222297384.0,-1
1222297576.0,-1
349033547.0,-1
1222283785.0,-1
349233607.0,-1
1222297411.0,-1
349533558.0,-1
1222297598.0,-1
1222297973.0,-1
1222297573.0,-1
1222334498.0,-1
1222297416.0,-1
351533612.0,-1
1222284998.0,-1
1222334499.0,-1
350133610.0,-1
362833615.0,-1
1222292700.0,-1
363033614.0,-1
350233634.0,-1
1222334500.0,-1
1222334501.0,-1
1222297605.0,-1
1222297660.0,-1
350433617.0,-1
350533647.0,-1
350633610.0,-1
1222297893.0,-1
1222292838.0,-1
1222297430.0,-1
351033510.0,-1
351233547.0,-1
351433612.0,-1
1222297937.0,-1
1222297440.0,-1
361633610.0,-1
1222334502.0,-1
1222334503.0,-1
1222292839.0,-1
1222297485.0,-1
352333566.0,-1
352233566.0,-1
352533609.0,-1
352833605.0,-1
1222334504.0,-1
1222297483.0,-1
1222297612.0,-1
353933610.0,-1
1222297617.0,-1
1222297492.0,-1
1222334505.0,-1
1222334506.0,-1
1222334507.0,-1
1222334508.0,-1
1222334509.0,-1
1222334510.0,-1
1222334511.0,-1
1222297609.0,-1
1222334512.0,-1
1222297613.0,-1
1222298304.0,-1
1222334513.0,-1
1222297491.0,-1
354433606.0,-1
1222298305.0,-1
1222297621.0,-1
354633610.0,-1
354833634.0,-1
1222334514.0,-1
342033615.0,-1
354933634.0,-1
1222292703.0,-1
355233629.0,-1
357833614.0,-1
1222297507.0,-1
355533614.0,-1
355733556.0,-1
1222298303.0,-1
1222334515.0,-1
356033624.0,-1
1222334516.0,-1
1222297508.0,-1
356233634.0,-1
1222284501.0,-1
1222297523.0,-1
1222334517.0,-1
1222297527.0,-1
1222297548.0,-1
1222297572.0,-1
357133626.0,-1
357333534.0,-1
1222334518.0,-1
357433510.0,-1
378633563.0,-1
1222297616.0,-1
1222334519.0,-1
1222297659.0,-1
358333566.0,-1
358433624.0,-1
358533596.0,-1
358633615.0,-1
358733617.0,-1
358833618.0,-1
1222334520.0,-1
1222297603.0,-1
1222297670.0,-1
359133569.0,-1
372033603.0,-1
359333569.0,-1
359433511.0,-1
359533594.0,-1
359633614.0,-1
359733624.0,-1
359833615.0,-1
359933647.0,-1
360133510.0,-1
1222334521.0,-1
1222334522.0,-1
360333612.0,-1
360433618.0,-1
1222334523.0,-1
360733615.0,-1
1222334524.0,-1
1222297673.0,-1
359233605.0,-1
360933614.0,-1
1222297661.0,-1
375433563.0,-1
1222297723.0,-1
348533619.0,-1
1222334525.0,-1
361133510.0,-1
1222297741.0,-1
361333563.0,-1
357233594.0,-1
361733605.0,-1
362333604.0,-1
1222297811.0,-1
1222334526.0,-1
362433614.0,-1
1222334527.0,-1
1222297830.0,-1
1222297839.0,-1
362933549.0,-1
369733558.0,-1
1222297848.0,-1
1222334528.0,-1
1222297861.0,-1
1222297429.0,-1
1222297868.0,-1
363633604.0,-1
1222297896.0,-1
363833625.0,-1
1222334529.0,-1
364433613.0,-1
1222297897.0,-1
1222334530.0,-1
364633604.0,-1
364733617.0,-1
1222297614.0,-1
364833618.0,-1
1222298563.0,-1
1222334531.0,-1
1222297898.0,-1
365033617.0,-1
365133607.0,-1
365233610.0,-1
1222297903.0,-1
371933614.0,-1
1222297924.0,-1
351133510.0,-1
365633647.0,-1
1222334532.0,-1
1222297925.0,-1
1222297317.0,-1
1222334533.0,-1
1222297624.0,-1
1222334534.0,-1
1222297630.0,-1
1222297625.0,-1
366433629.0,-1
366633629.0,-1
1222334535.0,-1
367233614.0,-1
1222297938.0,-1
355633603.0,-1
1222334536.0,-1
1222297939.0,-1
1222334537.0,-1
367633609.0,-1
367833614.0,-1
367933607.0,-1
1222297631.0,-1
1222297380.0,-1
368433613.0,-1
368533624.0,-1
368633624.0,-1
368733511.0,-1
1222297894.0,-1
1222297940.0,-1
1222297941.0,-1
1222334538.0,-1
369633647.0,-1
1222297657.0,-1
369933626.0,-1
1222334539.0,-1
1222297662.0,-1
1222294576.0,-1
1222297653.0,-1
371033570.0,-1
371133598.0,-1
371833598.0,-1
1222297943.0,-1
1222334540.0,-1
1222292840.0,-1
1222297658.0,-1
1222297672.0,-1
1222285007.0,-1
1222297674.0,-1
1222283526.0,-1
354333619.0,-1
1222292735.0,-1
1222334541.0,-1
372433549.0,-1
1222297666.0,-1
372533606.0,-1
372633629.0,-1
1222297675.0,-1
1222297957.0,-1
1222297900.0,-1
1222297958.0,-1
1222298306.0,-1
373033510.0,-1
373233604.0,-1
1222297959.0,-1
373533626.0,-1
339033615.0,-1
373633570.0,-1
1222297676.0,-1
373933511.0,-1
1222334542.0,-1
374233647.0,-1
1222334543.0,-1
374433607.0,-1
1222297961.0,-1
1222297668.0,-1
1222297669.0,-1
374833558.0,-1
348633610.0,-1
1222297542.0,-1
375133612.0,-1
375233612.0,-1
375333625.0,-1
375633629.0,-1
1222297983.0,-1
375933616.0,-1
1222297966.0,-1
1222334544.0,-1
1222297667.0,-1
1222334545.0,-1
1222297968.0,-1
1222297664.0,-1
1222334546.0,-1
376433617.0,-1
1222297679.0,-1
1222297969.0,-1
376733594.0,-1
1222292808.0,-1
377333637.0,-1
1222297970.0,-1
360233612.0,-1
1222334547.0,-1
1222334548.0,-1
1222283109.0,-1
374933578.0,-1
1222297972.0,-1
377833569.0,-1
1222334549.0,-1
1222298307.0,-1
379033511.0,-1
1222297682.0,-1
378233634.0,-1
378333549.0,-1
1222297683.0,-1
378433624.0,-1
357033616.0,-1
1222334550.0,-1
1222334551.0,-1
378733615.0,-1
1222297684.0,-1
379133607.0,-1
379233610.0,-1
379433647.0,-1
1222297685.0,-1
1222297974.0,-1
1222286581.0,-1
1222297686.0,-1
1222297978.0,-1
380533634.0,-1
348433634.0,-1
1222334552.0,-1
1222297981.0,-1
381833604.0,-1
1222296707.0,-1
1222283310.0,-1
1222292377.0,-1
1222292390.0,-1
1222291060.0,-1
1222296939.0,-1
1222334559.0,-1
1222293830.0,-1
1222293834.0,-1
1222294564.0,-1
1222296708.0,-1
1222292391.0,-1
1222292399.0,-1
1222334570.0,-1
1222287523.0,-1
1222292400.0,-1
1222296714.0,-1
1222283334.0,-1
1222292421.0,-1
1222334571.0,-1
1222292432.0,-1
1222303332.0,-1
1222303333.0,-1
1222293092.0,-1
1222303334.0,-1
1222298336.0,-1
1222303335.0,-1
1222281947.0,-1
1222285089.0,-1
1222281887.0,-1
1222281888.0,-1
1222282446.0,-1
1222286851.0,-1
1222282447.0,-1
1222334572.0,-1
1222282449.0,-1
1222282458.0,-1
1222282461.0,-1
1222282462.0,-1
1222334574.0,-1
1222334575.0,-1
1222282466.0,-1
1222293685.0,-1
1222282478.0,-1
1222293686.0,-1
1222282185.0,-1
1222282479.0,-1
1222298396.0,-1
1222282488.0,-1
1222282563.0,-1
1222293700.0,-1
1222293692.0,-1
1222334578.0,-1
1222334579.0,-1
1222282493.0,-1
1222282499.0,-1
1222298402.0,-1
1222334580.0,-1
1222293683.0,-1
1222334581.0,-1
1222285161.0,-1
1222334582.0,-1
1222282503.0,-1
1222286858.0,-1
1222282506.0,-1
1222282507.0,-1
1222292862.0,-1
1222298397.0,-1
1222298398.0,-1
1222298399.0,-1
1222293699.0,-1
1222282521.0,-1
1222334584.0,-1
1222298401.0,-1
1222282524.0,-1
1222282525.0,-1
1222293701.0,-1
1222298403.0,-1
1222282532.0,-1
1222282535.0,-1
1222282536.0,-1
1222334586.0,-1
1222282542.0,-1
1222282543.0,-1
1222294119.0,-1
1222286863.0,-1
1222282504.0,-1
1222334588.0,-1
1222282551.0,-1
1222293706.0,-1
1222294540.0,-1
1222334589.0,-1
1222334590.0,-1
1222334591.0,-1
1222334592.0,-1
1222334593.0,-1
1222334594.0,-1
1222282553.0,-1
1222334595.0,-1
1222282448.0,-1
1222282561.0,-1
1222282191.0,-1
1222334596.0,-1
1222334597.0,-1
1222334598.0,-1
1222334599.0,-1
1222282192.0,-1
1222282500.0,-1
1222295188.0,-1
1222295228.0,-1
1222295230.0,-1
1222297115.0,-1
1222295231.0,-1
1222297116.0,-1
1222295233.0,-1
1222295235.0,-1
1222295234.0,-1
1222334600.0,-1
1222283817.0,-1
1222295236.0,-1
1222297117.0,-1
1222295237.0,-1
1222334601.0,-1
1222295577.0,-1
1222295241.0,-1
1222295243.0,-1
1222297121.0,-1
1222297129.0,-1
1222334602.0,-1
1222295244.0,-1
1222295763.0,-1
1222295331.0,-1
1222295333.0,-1
1222334603.0,-1
1222295334.0,-1
1222334604.0,-1
1222300370.0,-1
1222297125.0,-1
1222297126.0,-1
1222295335.0,-1
1222295344.0,-1
1222295357.0,-1
1222334605.0,-1
1222334606.0,-1
1222295368.0,-1
1222295373.0,-1
1222334607.0,-1
1222297128.0,-1
1222295376.0,-1
1222297198.0,-1
1222297135.0,-1
1222334608.0,-1
1222334609.0,-1
1222295377.0,-1
1222334610.0,-1
1222297138.0,-1
1222300371.0,-1
1222295379.0,-1
1222295381.0,-1
1222334611.0,-1
1222334612.0,-1
1222298550.0,-1
1222297197.0,-1
1222295384.0,-1
1222295386.0,-1
1222295387.0,-1
1222297106.0,-1
1222285415.0,-1
1222298551.0,-1
1222298552.0,-1
1222298553.0,-1
1222298554.0,-1
1222295396.0,-1
1222300377.0,-1
1222295400.0,-1
1222334613.0,-1
1222295401.0,-1
1222295336.0,-1
1222297176.0,-1
1222295407.0,-1
1222295489.0,-1
1222334614.0,-1
1222295409.0,-1
1222295410.0,-1
1222295242.0,-1
1222295468.0,-1
1222334615.0,-1
1222297133.0,-1
1222297177.0,-1
1222295523.0,-1
1222334616.0,-1
1222295542.0,-1
1222297178.0,-1
1222295543.0,-1
1222297179.0,-1
1222297180.0,-1
1222334617.0,-1
1222294911.0,-1
1222334618.0,-1
1222294729.0,-1
1222283880.0,-1
1222295544.0,-1
1222334619.0,-1
1222295546.0,-1
1222297186.0,-1
1222283893.0,-1
1222295547.0,-1
1222297187.0,-1
1222295404.0,-1
1222295573.0,-1
1222334620.0,-1
1222334621.0,-1
1222334622.0,-1
1222334623.0,-1
1222297175.0,-1
1222295595.0,-1
1222295599.0,-1
1222334624.0,-1
1222334625.0,-1
1222295605.0,-1
1222334626.0,-1
1222295607.0,-1
1222295614.0,-1
1222295615.0,-1
1222295240.0,-1
1222334627.0,-1
1222334628.0,-1
1222334629.0,-1
1222297189.0,-1
1222295646.0,-1
1222295658.0,-1
1222334630.0,-1
1222292593.0,-1
1222295669.0,-1
1222334631.0,-1
1222334632.0,-1
1222289557.0,-1
1222295640.0,-1
1222297191.0,-1
1222295698.0,-1
1222300379.0,-1
1222297194.0,-1
1222297192.0,-1
1222334633.0,-1
1222334634.0,-1
1222295749.0,-1
1222294167.0,-1
1222295754.0,-1
1222295756.0,-1
1222297199.0,-1
1222334635.0,-1
1222297193.0,-1
1222334636.0,-1
1222303338.0,-1
1222303337.0,-1
1222281952.0,-1
1222281948.0,-1
1222281950.0,-1
1222303339.0,-1
1222303340.0,-1
1222334637.0,-1
1222334638.0,-1
1222334639.0,-1
1222308882.0,-1
1222334640.0,-1
1222281961.0,-1
1222334641.0,-1
1222334642.0,-1
1222293095.0,-1
1222308883.0,-1
1222308885.0,-1
1222297913.0,-1
1222308909.0,-1
1222293098.0,-1
1222308887.0,-1
1222308888.0,-1
1222298338.0,-1
1222293091.0,-1
1222308890.0,-1
1222293102.0,-1
1222281965.0,-1
1222293127.0,-1
1222334643.0,-1
1222334644.0,-1
1222334645.0,-1
1222308893.0,-1
1222308894.0,-1
1222334646.0,-1
1222293129.0,-1
1222308896.0,-1
1222308906.0,-1
1222308897.0,-1
1222308898.0,-1
1222308899.0,-1
1222293131.0,-1
1222334647.0,-1
1222281978.0,-1
1222303347.0,-1
1222334648.0,-1
1222303349.0,-1
1222303350.0,-1
1222303351.0,-1
1222297914.0,-1
1222303352.0,-1
1222293136.0,-1
1222334649.0,-1
1222334650.0,-1
1222334651.0,-1
1222334652.0,-1
1222334653.0,-1
1222334654.0,-1
1222334655.0,-1
1222334656.0,-1
1222334657.0,-1
1222334658.0,-1
1222334659.0,-1
1222334660.0,-1
1222334661.0,-1
1222334662.0,-1
1222334663.0,-1
1222334664.0,-1
1222334665.0,-1
1222334666.0,-1
1222334667.0,-1
1222293145.0,-1
1222308901.0,-1
1222308902.0,-1
1222308903.0,-1
1222308904.0,-1
1222308908.0,-1
1222334668.0,-1
1222308910.0,-1
1222297915.0,-1
1222334669.0,-1
1222334670.0,-1
1222308912.0,-1
1222293147.0,-1
1222281951.0,-1
1222334671.0,-1
1222308915.0,-1
1222308916.0,-1
1222308918.0,-1
1222286708.0,-1
1222281701.0,-1
1222308919.0,-1
1222303354.0,-1
1222294397.0,-1
1222334672.0,-1
1222281981.0,-1
1222308892.0,-1
1222334673.0,-1
1222281983.0,-1
1222281992.0,-1
1222293151.0,-1
1222281703.0,-1
1222334674.0,-1
1222281704.0,-1
1222281720.0,-1
1222281739.0,-1
1222293152.0,-1
1222334675.0,-1
1222294375.0,-1
1222282444.0,-1
1222291057.0,-1
1222334676.0,-1
1222283999.0,-1
1222294390.0,-1
1222284001.0,-1
1222284004.0,-1
1222290991.0,-1
1222294392.0,-1
1222334677.0,-1
1222334678.0,-1
1222293211.0,-1
1222281903.0,-1
1222334679.0,-1
1222285763.0,-1
1222282017.0,-1
1222293212.0,-1
1222334680.0,-1
1222282016.0,-1
1222291727.0,-1
1222292887.0,-1
1222291742.0,-1
1222287510.0,-1
1222291745.0,-1
1222296571.0,-1
1222296580.0,-1
1222334681.0,-1
1222334682.0,-1
1222334683.0,-1
1222334684.0,-1
1222334685.0,-1
1222296593.0,-1
1222291760.0,-1
1222282946.0,-1
1222291764.0,-1
1222291913.0,-1
1222296591.0,-1
1222298501.0,-1
1222291765.0,-1
1222291776.0,-1
1222334686.0,-1
1222291777.0,-1
1222334687.0,-1
1222296613.0,-1
1222291779.0,-1
1222296628.0,-1
1222291798.0,-1
1222334688.0,-1
1222291800.0,-1
1222334689.0,-1
1222291767.0,-1
1222291825.0,-1
1222296637.0,-1
1222334690.0,-1
1222291740.0,-1
1222291801.0,-1
1222291806.0,-1
1222334691.0,-1
1222291809.0,-1
1222300359.0,-1
1222291826.0,-1
1222334692.0,-1
1222334693.0,-1
1222291830.0,-1
1222291833.0,-1
1222291835.0,-1
1222296632.0,-1
1222291852.0,-1
1222291847.0,-1
1222282958.0,-1
1222293155.0,-1
1222291850.0,-1
1222291871.0,-1
1222291886.0,-1
1222291916.0,-1
1222296592.0,-1
1222291875.0,-1
1222287515.0,-1
1222291900.0,-1
1222334694.0,-1
1222294123.0,-1
1222291920.0,-1
1222291927.0,-1
1222334695.0,-1
1222292005.0,-1
1222292007.0,-1
1222334696.0,-1
1222292051.0,-1
1222296640.0,-1
1222334697.0,-1
1222292123.0,-1
1222292080.0,-1
1222334699.0,-1
1222292084.0,-1
1222292087.0,-1
1222334700.0,-1
1222292138.0,-1
1222291794.0,-1
1222291912.0,-1
1222334701.0,-1
1222291911.0,-1
1222296638.0,-1
1222334702.0,-1
1222291789.0,-1
1222292088.0,-1
1222296653.0,-1
1222282965.0,-1
1222292092.0,-1
1222296655.0,-1
1222296656.0,-1
1222292095.0,-1
1222292100.0,-1
1222291836.0,-1
1222296657.0,-1
1222292136.0,-1
1222291813.0,-1
1222298514.0,-1
1222285383.0,-1
1222334703.0,-1
1222282573.0,-1
1222286870.0,-1
1222282571.0,-1
1222282575.0,-1
1222282601.0,-1
1222293724.0,-1
1222282605.0,-1
1222285164.0,-1
1222293728.0,-1
1222293729.0,-1
1222282578.0,-1
1222282582.0,-1
1222282194.0,-1
1222334704.0,-1
1222293737.0,-1
1222293743.0,-1
1222293739.0,-1
1222293742.0,-1
1222282649.0,-1
1222334705.0,-1
1222298404.0,-1
1222293725.0,-1
1222282591.0,-1
1222293730.0,-1
1222293732.0,-1
1222293736.0,-1
1222282201.0,-1
1222298405.0,-1
1222297933.0,-1
1222334706.0,-1
1222293746.0,-1
1222297934.0,-1
1222282622.0,-1
1222293751.0,-1
1222286872.0,-1
1222298406.0,-1
1222282584.0,-1
1222293812.0,-1
1222282624.0,-1
1222300301.0,-1
1222298407.0,-1
1222334707.0,-1
1222286880.0,-1
1222293771.0,-1
1222282645.0,-1
1222293797.0,-1
1222300302.0,-1
1222300303.0,-1
1222334708.0,-1
1222282651.0,-1
1222282655.0,-1
1222282657.0,-1
1222293800.0,-1
1222282658.0,-1
1222293774.0,-1
1222285184.0,-1
1222334709.0,-1
1222282665.0,-1
1222294542.0,-1
1222282666.0,-1
1222282683.0,-1
1222334710.0,-1
1222282685.0,-1
1222282687.0,-1
1222282696.0,-1
1222334711.0,-1
1222293811.0,-1
1222298408.0,-1
1222282693.0,-1
1222334712.0,-1
1222282699.0,-1
1222282700.0,-1
1222334716.0,-1
1222297001.0,-1
1222334724.0,-1
1222334733.0,2
1222288747.0,-1
1222287211.0,-1
1222294938.0,2
1222288838.0,-1
1222334739.0,2
1222288896.0,2
1222288917.0,-1
1222282609.0,-1
1222288959.0,-1
1222288943.0,-1
1222294942.0,-1
1222334742.0,-1
1222295393.0,2
1222289018.0,-1
1222289024.0,-1
1222334743.0,-1
1222289026.0,-1
1222334745.0,-1
1222334749.0,-1
1222296549.0,-1
1222291612.0,-1
1222334753.0,-1
1222294933.0,2
1222294967.0,2
1222294971.0,2
1222289163.0,-1
1222334756.0,-1
1222282615.0,-1
1222294968.0,2
1222295005.0,-1
1222289199.0,2
1222289203.0,-1
1222334757.0,-1
1222295007.0,-1
1222295010.0,-1
1222290867.0,-1
1222289206.0,-1
1222334758.0,-1
1222289209.0,-1
1222295397.0,2
1222282631.0,-1
1222334759.0,-1
1222289338.0,-1
1222289377.0,-1
1222334760.0,2
1222291518.0,-1
1222295027.0,-1
1222287222.0,-1
1222334764.0,-1
1222295952.0,-1
1222295046.0,-1
1222289427.0,-1
1222287226.0,-1
1222295050.0,-1
1222294935.0,-1
1222290869.0,2
1222289713.0,-1
1222290185.0,-1
1222289727.0,-1
1222334765.0,2
1222295055.0,-1
1222289729.0,-1
1222296390.0,-1
1222289732.0,-1
1222295057.0,-1
1222287232.0,-1
1222289749.0,-1
1222295048.0,2
1222295058.0,-1
1222295059.0,-1
1222282652.0,-1
1222296427.0,2
1222334769.0,-1
1222287233.0,2
1222289783.0,2
1222289784.0,-1
1222296382.0,-1
1222289794.0,-1
1222296272.0,-1
1222295075.0,-1
1222295076.0,-1
1222296334.0,-1
1222289805.0,-1
1222289806.0,-1
1222334770.0,-1
1222287260.0,-1
1222289808.0,-1
1222289811.0,-1
1222334771.0,2
1222289815.0,-1
1222334772.0,2
1222282660.0,-1
1222282667.0,-1
1222295079.0,-1
1222334775.0,-1
1222285312.0,2
1222334777.0,2
1222289826.0,-1
1222289833.0,-1
1222295348.0,2
1222295107.0,2
1222282675.0,-1
1222287268.0,2
1222287271.0,-1
1222289841.0,-1
1222334781.0,-1
1222295111.0,-1
1222295120.0,-1
1222295125.0,-1
1222295124.0,-1
1222287262.0,2
1222289862.0,2
1222295121.0,2
1222289968.0,-1
1222282656.0,2
1222334785.0,2
1222287272.0,-1
1222282682.0,-1
1222289876.0,-1
1222289900.0,2
1222289915.0,-1
1222285925.0,-1
1222289917.0,-1
1222295156.0,2
1222295853.0,-1
1222282429.0,-1
1222282684.0,2
1222289102.0,-1
1222334788.0,2
1222334789.0,2
1222295161.0,2
1222289934.0,-1
1222287278.0,2
1222295367.0,2
1222287281.0,-1
1222291075.0,2
1222295382.0,-1
1222282701.0,2
1222295388.0,2
1222295385.0,-1
1222282702.0,-1
1222334791.0,-1
1222294941.0,-1
1222295390.0,-1
1222287282.0,2
1222289974.0,-1
1222334795.0,2
1222290862.0,2
1222282712.0,-1
1222282711.0,2
1222290029.0,-1
1222295631.0,2
1222290041.0,-1
1222295636.0,-1
1222295990.0,-1
1222290063.0,2
1222290064.0,-1
1222289423.0,2
1222295637.0,-1
1222295645.0,2
1222282723.0,2
1222282722.0,-1
1222282724.0,-1
1222295651.0,-1
1222287224.0,-1
1222287314.0,-1
1222295653.0,-1
1222295654.0,-1
1222295659.0,-1
1222334798.0,-1
1222334799.0,-1
1222290094.0,-1
1222334802.0,-1
1222290099.0,-1
1222295667.0,-1
1222295668.0,2
1222334803.0,-1
1222334805.0,-1
1222289921.0,-1
1222285334.0,-1
1222287319.0,2
1222290134.0,-1
1222282800.0,-1
1222295677.0,-1
1222295682.0,2
1222291368.0,-1
1222290150.0,2
1222290159.0,-1
1222287334.0,-1
1222334810.0,-1
1222282932.0,2
1222334811.0,-1
1222334812.0,-1
1222287352.0,-1
1222334813.0,-1
1222290179.0,-1
1222290180.0,-1
1222334814.0,2
1222334817.0,2
1222291481.0,2
1222295742.0,2
1222282744.0,-1
1222290289.0,-1
1222295744.0,-1
1222290308.0,2
1222290353.0,-1
1222287358.0,2
1222290354.0,2
1222290359.0,-1
1222290377.0,-1
1222295751.0,-1
1222295753.0,2
1222295757.0,-1
1222295869.0,-1
1222290433.0,-1
1222290434.0,2
1222290441.0,-1
1222290445.0,2
1222287259.0,2
1222295759.0,-1
1222287374.0,-1
1222282755.0,-1
1222295764.0,-1
1222295765.0,-1
1222295766.0,-1
1222290448.0,-1
1222298480.0,-1
1222290450.0,2
1222290451.0,-1
1222295773.0,-1
1222282758.0,-1
1222290458.0,-1
1222291484.0,2
1222290459.0,-1
1222290460.0,-1
1222290462.0,-1
1222296187.0,-1
1222295778.0,-1
1222290464.0,2
1222334820.0,-1
1222290467.0,-1
1222290470.0,2
1222293139.0,-1
1222282767.0,-1
1222295788.0,-1
1222282769.0,-1
1222290481.0,-1
1222282765.0,2
1222290484.0,2
1222290483.0,-1
1222334823.0,-1
1222290454.0,2
1222290529.0,2
1222287383.0,2
1222282768.0,2
1222282729.0,2
1222293167.0,-1
1222290619.0,2
1222293185.0,-1
1222295802.0,-1
1222293170.0,2
1222290565.0,2
1222295819.0,-1
1222295805.0,2
1222290683.0,2
1222293188.0,-1
1222290625.0,2
1222293186.0,-1
1222295828.0,2
1222290790.0,2
1222290792.0,-1
1222334826.0,-1
1222290800.0,-1
1222290820.0,-1
1222295836.0,2
1222334827.0,-1
1222296295.0,-1
1222290840.0,-1
1222290861.0,-1
1222295731.0,2
1222282797.0,-1
1222290272.0,2
1222300396.0,-1
1222290874.0,-1
1222334829.0,2
1222290876.0,-1
1222287399.0,-1
1222287401.0,-1
1222290877.0,-1
1222290881.0,-1
1222334830.0,-1
1222282636.0,-1
1222295878.0,-1
1222290886.0,-1
1222291283.0,-1
1222295867.0,-1
1222295870.0,2
1222282802.0,2
1222295871.0,2
1222290447.0,-1
1222334833.0,-1
1222334834.0,-1
1222290898.0,-1
1222295881.0,2
1222334837.0,-1
1222334839.0,-1
1222295895.0,-1
1222296528.0,-1
1222295953.0,-1
1222295954.0,-1
1222290263.0,-1
1222295963.0,2
1222290957.0,2
1222334843.0,2
1222290958.0,2
1222290963.0,2
1222334844.0,-1
1222295950.0,-1
1222295971.0,2
1222282812.0,-1
1222290964.0,2
1222282814.0,2
1222290387.0,-1
1222290968.0,-1
1222282818.0,2
1222282820.0,-1
1222282816.0,-1
1222282817.0,-1
1222296197.0,-1
1222290975.0,-1
1222295879.0,-1
1222290851.0,-1
1222295986.0,-1
1222287414.0,-1
1222290979.0,2
1222287416.0,-1
1222295994.0,-1
1222287421.0,-1
1222334849.0,-1
1222282823.0,-1
1222296000.0,-1
1222282825.0,2
1222287423.0,-1
1222287415.0,-1
1222296001.0,-1
1222290982.0,2
1222296002.0,-1
1222290983.0,-1
1222287430.0,-1
1222287432.0,-1
1222287431.0,-1
1222290986.0,2
1222282826.0,-1
1222296003.0,2
1222287433.0,-1
1222296035.0,-1
1222334851.0,-1
1222291076.0,-1
1222296038.0,-1
1222334853.0,-1
1222287437.0,-1
1222291101.0,-1
1222282837.0,-1
1222296059.0,-1
1222334854.0,-1
1222295037.0,-1
1222291102.0,-1
1222334855.0,-1
1222334856.0,-1
1222287434.0,-1
1222291142.0,-1
1222291309.0,2
1222334859.0,-1
1222296088.0,-1
1222334860.0,2
1222287474.0,-1
1222334861.0,2
1222291164.0,2
1222291165.0,-1
1222287449.0,-1
1222291167.0,2
1222291162.0,-1
1222291193.0,-1
1222294870.0,-1
1222296112.0,-1
1222282840.0,-1
1222334863.0,-1
1222287284.0,-1
1222291208.0,-1
1222294560.0,-1
1222294562.0,-1
1222296149.0,-1
1222291220.0,-1
1222282849.0,-1
1222334866.0,-1
1222334867.0,-1
1222334868.0,2
1222282852.0,-1
1222291256.0,-1
1222296161.0,-1
1222291261.0,-1
1222334873.0,-1
1222296162.0,-1
1222291393.0,-1
1222291269.0,2
1222291275.0,2
1222334875.0,-1
1222296241.0,2
1222296176.0,-1
1222291279.0,-1
1222291280.0,-1
1222334878.0,-1
1222282861.0,-1
1222334879.0,-1
1222291302.0,-1
1222291310.0,2
1222287479.0,-1
1222334880.0,-1
1222291313.0,2
1222291314.0,-1
1222334881.0,-1
1222296212.0,-1
1222291318.0,-1
1222296222.0,2
1222334882.0,-1
1222334884.0,2
1222291325.0,-1
1222282869.0,-1
1222291340.0,2
1222291657.0,-1
1222287476.0,-1
1222291353.0,-1
1222296202.0,2
1222291356.0,-1
1222334887.0,2
1222291364.0,-1
1222291316.0,-1
1222287478.0,-1
1222291366.0,2
1222296261.0,2
1222334888.0,2
1222334889.0,-1
1222291374.0,-1
1222291375.0,2
1222290446.0,2
1222291381.0,-1
1222291382.0,2
1222282880.0,-1
1222295049.0,2
1222287482.0,2
1222291385.0,-1
1222287490.0,2
1222295068.0,-1
1222291395.0,-1
1222282886.0,2
1222291402.0,2
1222296284.0,-1
1222291403.0,2
1222334893.0,-1
1222287223.0,2
1222291414.0,2
1222296296.0,-1
1222282893.0,2
1222291421.0,-1
1222282892.0,-1
1222291426.0,2
1222291379.0,-1
1222291428.0,-1
1222291048.0,-1
1222334896.0,-1
1222291432.0,-1
1222296329.0,2
1222296331.0,-1
1222282897.0,-1
1222291435.0,2
1222296362.0,-1
1222296368.0,-1
1222334898.0,-1
1222287493.0,-1
1222296371.0,-1
1222298497.0,-1
1222296373.0,-1
1222291442.0,-1
1222291443.0,-1
1222291452.0,-1
1222287273.0,-1
1222291461.0,2
1222282907.0,-1
1222334901.0,-1
1222296394.0,-1
1222287496.0,-1
1222296402.0,2
1222296411.0,2
1222291493.0,-1
1222334905.0,-1
1222296417.0,2
1222289277.0,-1
1222334906.0,-1
1222334908.0,2
1222282681.0,2
1222334909.0,-1
1222334910.0,-1
1222296424.0,2
1222287505.0,2
1222291521.0,2
1222291522.0,-1
1222291547.0,2
1222296430.0,-1
1222334911.0,2
1222334912.0,2
1222334915.0,2
1222291669.0,-1
1222291621.0,-1
1222334916.0,-1
1222296524.0,-1
1222296465.0,-1
1222296474.0,-1
1222296479.0,-1
1222296527.0,-1
1222296504.0,-1
1222296537.0,-1
1222290697.0,-1
1222296515.0,2
1222284469.0,2
1222291666.0,-1
1222291668.0,-1
1222296554.0,-1
1222291670.0,-1
1222293563.0,-1
1222282328.0,-1
1222334932.0,-1
1222293573.0,-1
1222334933.0,-1
1222293597.0,-1
1222293598.0,-1
1222282337.0,-1
1222285153.0,-1
1222296547.0,-1
1222334936.0,-1
1222334937.0,-1
1222334938.0,-1
1222334940.0,-1
1222295186.0,-1
1222308846.0,-1
1222334942.0,-1
1222293033.0,-1
1222293011.0,-1
1222334946.0,-1
1222334947.0,-1
1222281883.0,-1
1222281890.0,-1
1222281892.0,-1
1222281897.0,-1
1222297002.0,-1
1222334952.0,-1
1222292567.0,-1
1222284024.0,1
1222334954.0,1
1222334955.0,1
1222285176.0,1
1222334956.0,1
1222285169.0,1
1222285221.0,-1
1222284027.0,1
1222294604.0,1
1222334957.0,1
1222284036.0,1
1222284039.0,1
1222294421.0,-1
1222295322.0,1
1222334958.0,1
1222334959.0,1
1222334960.0,-1
1222294463.0,1
1222294451.0,1
1222282452.0,1
1222334961.0,1
1222334962.0,1
1222334963.0,-1
1222334964.0,1
1222284059.0,1
1222284068.0,1
1222334965.0,1
1222294454.0,1
1222284076.0,1
1222285556.0,1
1222284091.0,1
1222334966.0,-1
1222284092.0,-1
1222294458.0,1
1222284095.0,1
1222284098.0,-1
1222284104.0,1
1222300326.0,1
1222294535.0,-1
1222282457.0,-1
1222334967.0,-1
1222294479.0,1
1222295170.0,-1
1222284112.0,1
1222294483.0,1
1222284116.0,1
1222285245.0,1
1222284118.0,1
1222284119.0,1
1222284458.0,-1
1222294703.0,1
1222284157.0,1
1222287029.0,1
1222284374.0,1
1222284160.0,1
1222334968.0,1
1222284166.0,1
1222284176.0,1
1222284192.0,-1
1222284206.0,1
1222282460.0,1
1222284212.0,1
1222294493.0,1
1222284223.0,1
1222294577.0,1
1222284236.0,1
1222298417.0,-1
1222285246.0,-1
1222294497.0,1
1222284248.0,-1
1222334969.0,-1
1222285846.0,-1
1222284272.0,-1
1222285150.0,-1
1222284283.0,-1
1222284291.0,1
1222334970.0,1
1222284315.0,1
1222284328.0,-1
1222284338.0,-1
1222285108.0,1
1222282464.0,-1
1222294498.0,1
1222287042.0,1
1222334971.0,-1
1222334972.0,1
1222284150.0,1
1222294504.0,-1
1222294496.0,-1
1222300328.0,-1
1222334973.0,1
1222334974.0,-1
1222294682.0,-1
1222298420.0,1
1222294507.0,1
1222298434.0,1
1222334975.0,1
1222284023.0,1
1222334976.0,1
1222285248.0,-1
1222284409.0,1
1222334977.0,-1
1222285254.0,1
1222284414.0,1
1222285262.0,-1
1222284392.0,1
1222282454.0,1
1222284460.0,1
1222294520.0,1
1222294521.0,1
1222294512.0,1
1222282451.0,1
1222284421.0,1
1222284422.0,-1
1222284423.0,1
1222294529.0,1
1222284435.0,-1
1222285390.0,-1
1222284436.0,1
1222294530.0,-1
1222284437.0,1
1222284438.0,1
1222334978.0,1
1222285265.0,-1
1222294531.0,1
1222284453.0,1
1222334979.0,1
1222284455.0,-1
1222284459.0,1
1222334980.0,1
1222300330.0,1
1222287047.0,-1
1222282474.0,-1
1222285107.0,1
1222282473.0,1
1222294538.0,-1
1222295177.0,1
1222294459.0,-1
1222284806.0,1
1222287075.0,1
1222284457.0,-1
1222284464.0,1
1222334981.0,1
1222334982.0,1
1222284473.0,1
1222285297.0,-1
1222285097.0,1
1222294551.0,-1
1222284483.0,-1
1222284517.0,1
1222294575.0,1
1222294552.0,-1
1222294553.0,1
1222284570.0,1
1222334983.0,1
1222284573.0,1
1222294554.0,1
1222294555.0,1
1222284616.0,1
1222284617.0,1
1222294557.0,1
1222284640.0,-1
1222284665.0,1
1222292949.0,-1
1222294559.0,1
1222284138.0,1
1222284670.0,1
1222284672.0,1
1222284673.0,1
1222284410.0,1
1222298435.0,-1
1222334984.0,-1
1222334985.0,-1
1222284753.0,-1
1222284754.0,1
1222284762.0,-1
1222293138.0,1
1222294550.0,1
1222284763.0,1
1222284898.0,1
1222294561.0,-1
1222284770.0,-1
1222284771.0,-1
1222284773.0,-1
1222294569.0,1
1222284774.0,1
1222334986.0,-1
1222284787.0,1
1222334987.0,1
1222300331.0,1
1222287063.0,1
1222296673.0,1
1222284892.0,1
1222294568.0,1
1222294505.0,1
1222284110.0,1
1222282489.0,1
1222285411.0,1
1222294572.0,1
1222334988.0,-1
1222285261.0,1
1222285644.0,1
1222334989.0,-1
1222334990.0,1
1222334991.0,-1
1222294583.0,1
1222284936.0,-1
1222282490.0,-1
1222284981.0,-1
1222287055.0,-1
1222287057.0,1
1222294528.0,1
1222334992.0,1
1222284420.0,1
1222285032.0,1
1222294584.0,1
1222285034.0,1
1222285051.0,-1
1222292874.0,-1
1222285040.0,1
1222284894.0,-1
1222285045.0,-1
1222294723.0,-1
1222285049.0,-1
1222334993.0,-1
1222282494.0,1
1222285087.0,-1
1222285090.0,-1
1222284228.0,1
1222282498.0,1
1222285100.0,1
1222294585.0,-1
1222334994.0,-1
1222294437.0,-1
1222285122.0,1
1222285124.0,-1
1222334995.0,1
1222287068.0,-1
1222298437.0,1
1222285146.0,1
1222294602.0,1
1222334996.0,1
1222334997.0,1
1222285162.0,1
1222296696.0,1
1222285177.0,-1
1222285181.0,-1
1222285183.0,1
1222285216.0,1
1222334998.0,1
1222285220.0,-1
1222294605.0,1
1222294626.0,-1
1222294628.0,1
1222285231.0,1
1222285235.0,1
1222285237.0,-1
1222285239.0,-1
1222285256.0,-1
1222285260.0,-1
1222285266.0,1
1222298439.0,1
1222334999.0,1
1222285270.0,-1
1222294627.0,-1
1222284418.0,1
1222285282.0,-1
1222294634.0,1
1222294635.0,-1
1222294645.0,-1
1222335000.0,1
1222294693.0,1
1222282510.0,1
1222298440.0,1
1222282511.0,1
1222285535.0,1
1222285291.0,1
1222284025.0,1
1222335001.0,1
1222285292.0,1
1222284979.0,1
1222294649.0,-1
1222294651.0,-1
1222287073.0,1
1222335002.0,1
1222285299.0,-1
1222285222.0,1
1222285323.0,1
1222294647.0,1
1222282482.0,-1
1222298442.0,-1
1222285335.0,1
1222285336.0,1
1222294663.0,1
1222285339.0,-1
1222293722.0,1
1222285152.0,-1
1222285356.0,1
1222282516.0,1
1222335003.0,-1
1222285357.0,1
1222287072.0,1
1222284416.0,1
1222285359.0,1
1222294670.0,1
1222294672.0,-1
1222294674.0,1
1222285376.0,1
1222287074.0,1
1222294680.0,1
1222335004.0,1
1222300329.0,-1
1222285271.0,-1
1222335005.0,-1
1222335006.0,-1
1222335007.0,-1
1222284839.0,-1
1222282518.0,1
1222294573.0,-1
1222285110.0,1
1222296281.0,-1
1222335008.0,-1
1222285413.0,1
1222285414.0,1
1222282523.0,1
1222294684.0,-1
1222294685.0,-1
1222300332.0,1
1222285285.0,1
1222285474.0,1
1222294686.0,1
1222285479.0,-1
1222284093.0,1
1222284996.0,1
1222285214.0,1
1222284298.0,1
1222285281.0,1
1222285659.0,1
1222294687.0,1
1222335009.0,-1
1222285279.0,1
1222294691.0,1
1222300333.0,1
1222285695.0,1
1222285710.0,-1
1222294702.0,1
1222285711.0,-1
1222335010.0,-1
1222295073.0,-1
1222286168.0,-1
1222285777.0,-1
1222335011.0,-1
1222287081.0,-1
1222335012.0,-1
1222335013.0,-1
1222285797.0,-1
1222286189.0,-1
1222285799.0,-1
1222335014.0,-1
1222335015.0,-1
1222285807.0,-1
1222287084.0,-1
1222335016.0,-1
1222300334.0,-1
1222294802.0,-1
1222285820.0,-1
1222296691.0,-1
1222285826.0,-1
1222335017.0,-1
1222335018.0,-1
1222286152.0,-1
1222294708.0,-1
1222335019.0,-1
1222335020.0,-1
1222335021.0,-1
1222285869.0,-1
1222285887.0,-1
1222300336.0,-1
1222285892.0,-1
1222285897.0,-1
1222285928.0,-1
1222285932.0,-1
1222285933.0,-1
1222282531.0,-1
1222300337.0,-1
1222285855.0,-1
1222335022.0,-1
1222285232.0,-1
1222285940.0,-1
1222285943.0,-1
1222285950.0,-1
1222294732.0,-1
1222335023.0,-1
1222294707.0,-1
1222285964.0,-1
1222287087.0,-1
1222294733.0,-1
1222285293.0,-1
1222335024.0,-1
1222286020.0,-1
1222286042.0,-1
1222335025.0,-1
1222286070.0,-1
1222335026.0,-1
1222298454.0,-1
1222286202.0,-1
1222282533.0,-1
1222282538.0,-1
1222335027.0,-1
1222286072.0,-1
1222285852.0,-1
1222286109.0,-1
1222286111.0,-1
1222335028.0,-1
1222335029.0,-1
1222286144.0,-1
1222335030.0,-1
1222294709.0,-1
1222335031.0,-1
1222335032.0,-1
1222294736.0,-1
1222294737.0,-1
1222335033.0,-1
1222294734.0,-1
1222294741.0,-1
1222335034.0,-1
1222335035.0,-1
1222335036.0,-1
1222294735.0,-1
1222335037.0,-1
1222335038.0,-1
1222335039.0,-1
1222286213.0,-1
1222335040.0,-1
1222335041.0,-1
1222335042.0,-1
1222282544.0,-1
1222287089.0,-1
1222335043.0,-1
1222286187.0,-1
1222286210.0,-1
1222294744.0,-1
1222335044.0,-1
1222335045.0,-1
1222233078.0,-1
1222335049.0,-1
1222297987.0,-1
842633414.0,-1
1222297989.0,-1
843233411.0,-1
843333470.0,-1
1222335054.0,-1
844633411.0,-1
844733428.0,2
1222298127.0,-1
1222297709.0,-1
1222335062.0,-1
1222335068.0,-1
1222335072.0,-1
846533414.0,-1
1222335074.0,-1
1222298010.0,-1
1222335082.0,-1
1222335083.0,-1
1222335084.0,-1
1222335085.0,-1
1222297720.0,-1
850533434.0,-1
850833467.0,-1
1222297727.0,-1
1222335088.0,-1
1222335092.0,-1
854833411.0,-1
1222298152.0,-1
855133428.0,-1
858033467.0,-1
858633411.0,-1
859033434.0,-1
859433411.0,-1
859633428.0,-1
1222335100.0,-1
1222335109.0,-1
875633414.0,-1
875533414.0,-1
1222298117.0,-1
864233470.0,-1
1222298059.0,-1
1222298060.0,-1
1222335114.0,-1
1222298131.0,-1
1222335117.0,2
1222286596.0,-1
1222297778.0,-1
1222298124.0,-1
868633428.0,-1
1222297779.0,-1
1222297771.0,-1
1222335125.0,-1
870633428.0,-1
871633414.0,-1
872033414.0,-1
1222335129.0,-1
1222298142.0,-1
873633414.0,2
1222335135.0,-1
1222298144.0,2
1222335137.0,-1
1222298146.0,-1
1222286598.0,-1
1222283112.0,-1
876533411.0,-1
1222298170.0,-1
1222298173.0,-1
878533498.0,-1
1222293820.0,-1
1222282836.0,-1
1222286909.0,-1
1222335148.0,-1
1222335149.0,-1
1222335150.0,-1
1222335151.0,-1
1222293826.0,-1
1222293827.0,-1
1222335152.0,-1
1222335153.0,-1
1222295171.0,-1
1222282754.0,-1
1222282209.0,-1
1222282757.0,-1
1222335154.0,-1
1222293832.0,-1
1222293829.0,-1
1222335155.0,-1
1222282759.0,-1
1222282770.0,-1
1222282771.0,-1
1222335156.0,-1
1222282772.0,-1
1222282773.0,-1
1222335157.0,-1
1222282774.0,-1
1222293877.0,-1
1222282790.0,-1
1222282803.0,-1
1222335158.0,-1
1222282804.0,-1
1222282805.0,-1
1222282798.0,-1
1222282810.0,-1
1222293879.0,-1
1222282815.0,-1
1222335159.0,-1
1222335160.0,-1
1222293887.0,-1
1222298409.0,-1
1222293882.0,-1
1222292863.0,-1
1222282819.0,-1
1222282842.0,-1
1222282847.0,-1
1222282851.0,-1
1222282214.0,-1
1222293924.0,-1
1222293891.0,-1
1222335161.0,-1
1222335162.0,-1
1222335163.0,-1
1222282858.0,-1
1222286913.0,-1
1222282877.0,-1
1222282874.0,-1
1222335164.0,-1
1222335165.0,-1
1222335166.0,-1
1222282884.0,-1
1222282889.0,-1
1222282890.0,-1
1222335167.0,-1
1222282891.0,-1
1222293903.0,-1
1222286924.0,-1
1222335168.0,-1
1222282895.0,-1
1222282855.0,-1
1222282838.0,-1
1222335169.0,-1
1222282904.0,-1
1222282919.0,-1
1222335170.0,-1
1222282821.0,-1
1222335171.0,-1
1222335173.0,-1
1222335174.0,-1
1222335175.0,-1
1222335176.0,-1
1222335177.0,-1
1222282927.0,-1
1222282930.0,-1
1222293885.0,-1
1222293908.0,-1
1222335178.0,-1
1222282947.0,-1
1222282795.0,-1
1222286911.0,-1
1222282948.0,-1
1222293909.0,-1
1222293911.0,-1
1222282950.0,-1
1222293916.0,-1
1222282922.0,-1
1222282952.0,-1
1222282953.0,-1
1222293917.0,-1
1222282954.0,-1
1222282956.0,-1
1222282963.0,-1
1222293919.0,-1
1222282964.0,-1
1222282763.0,-1
1222335179.0,-1
1222282894.0,-1
1222335180.0,-1
1222335181.0,-1
1222282966.0,-1
1222335182.0,-1
1222293918.0,-1
1222293921.0,-1
1222335183.0,-1
1222293930.0,-1
1222335184.0,-1
1222282969.0,-1
1222300307.0,-1
1222282788.0,-1
1222293932.0,-1
1222282975.0,-1
1222293933.0,-1
1222297229.0,-1
1222335190.0,-1
1222297230.0,-1
1222297232.0,-1
1222295837.0,-1
1222297233.0,-1
1222295840.0,-1
1222295843.0,-1
1222295872.0,-1
1222297234.0,-1
1222295898.0,-1
1222295900.0,-1
1222297241.0,-1
1222297237.0,-1
1222297245.0,-1
1222297247.0,-1
1222284020.0,-1
1222335196.0,-1
1222295955.0,-1
1222295967.0,-1
1222285435.0,-1
1222295976.0,-1
1222284026.0,-1
1222295992.0,-1
1222295993.0,-1
1222297251.0,-1
1222296041.0,-1
1222335198.0,-1
1222285436.0,-1
1222296058.0,-1
1222291118.0,-1
1222284061.0,-1
1222296061.0,-1
1222296102.0,-1
1222296116.0,-1
1222284069.0,-1
1222335199.0,-1
1222297264.0,-1
1222335201.0,-1
1222335202.0,-1
1222284084.0,-1
1222284102.0,-1
1222296165.0,-1
1222296882.0,-1
1222297286.0,-1
1222297289.0,-1
1222297291.0,-1
1222335204.0,-1
1222292968.0,-1
1222296166.0,-1
1222296167.0,-1
1222297287.0,-1
1222293158.0,-1
1222296168.0,-1
1222284125.0,-1
1222296199.0,-1
1222296899.0,-1
1222296227.0,-1
1222335208.0,-1
1222297296.0,-1
1222296245.0,-1
1222297288.0,-1
1222289353.0,-1
1222296301.0,-1
1222291077.0,-1
1222296302.0,-1
1222296307.0,-1
1222292612.0,-1
1222335209.0,-1
1222335210.0,-1
1222297306.0,-1
1222335211.0,-1
1222297300.0,-1
1222296404.0,-1
1222335212.0,-1
1222297307.0,-1
1222296421.0,-1
1222284078.0,-1
1222335213.0,-1
1222300382.0,-1
1222296436.0,-1
1222296448.0,-1
1222300383.0,-1
1222335214.0,-1
1222298557.0,-1
1222297293.0,-1
1222297310.0,-1
1222297315.0,-1
1222297318.0,-1
1222335216.0,-1
1222297330.0,-1
1222296596.0,-1
1222297321.0,-1
1222297324.0,-1
1222297325.0,-1
1222297331.0,-1
1222297333.0,-1
1222297335.0,-1
1222297342.0,-1
1222297343.0,-1
1222297345.0,-1
1222297346.0,-1
1222297347.0,-1
1222297348.0,-1
1222284224.0,-1
1222296709.0,-1
1222297356.0,-1
1222296717.0,-1
1222297358.0,-1
1222297352.0,-1
1222296810.0,-1
1222335218.0,-1
1222284242.0,-1
1222300394.0,-1
1222296819.0,-1
1222297370.0,-1
1222335219.0,-1
1222300390.0,-1
1222297376.0,-1
1222297377.0,-1
1222297372.0,-1
1222284252.0,-1
1222335220.0,-1
1222297386.0,-1
1222335222.0,-1
1222296853.0,-1
1222296422.0,-1
1222297387.0,-1
1222284254.0,-1
1222296866.0,-1
1222284255.0,-1
1222282998.0,-1
1222283017.0,-1
1222284260.0,-1
1222284040.0,-1
1222297418.0,-1
1222296875.0,-1
1222335224.0,-1
1222335225.0,-1
1222335226.0,-1
1222335227.0,-1
1222297415.0,-1
1222292620.0,-1
1222335228.0,-1
1222296902.0,-1
1222298561.0,-1
1222296903.0,-1
1222296913.0,-1
1222297422.0,-1
1222297423.0,-1
1222297424.0,-1
1222297425.0,-1
1222297426.0,-1
1222297427.0,-1
1222297428.0,-1
1222297431.0,-1
1222297432.0,-1
1222297433.0,-1
1222297434.0,-1
1222292613.0,-1
1222297435.0,-1
1222297436.0,-1
1222297437.0,-1
1222297441.0,-1
1222296923.0,-1
1222297443.0,-1
1222297444.0,-1
1222296924.0,-1
1222297445.0,-1
1222297446.0,-1
1222296925.0,-1
1222284433.0,-1
1222284292.0,-1
1222297490.0,-1
1222297495.0,-1
1222287656.0,-1
1222335230.0,-1
1222335231.0,-1
1222335232.0,-1
1222286931.0,-1
1222286968.0,-1
1222335233.0,-1
1222298457.0,-1
1222294776.0,-1
1222285289.0,-1
1222335234.0,-1
1222286617.0,-1
1222287108.0,-1
1222290693.0,-1
1222287135.0,-1
1222335235.0,-1
1222287196.0,-1
1222287199.0,-1
1222282560.0,-1
1222294794.0,-1
1222335236.0,-1
1222335237.0,-1
1222295105.0,-1
1222287249.0,-1
1222335238.0,-1
1222287291.0,-1
1222335239.0,-1
1222287562.0,-1
1222335240.0,-1
1222335241.0,-1
1222335242.0,-1
1222335243.0,-1
1222287564.0,-1
1222294801.0,-1
1222294782.0,-1
1222287576.0,-1
1222287578.0,-1
1222335244.0,-1
1222287581.0,-1
1222287599.0,-1
1222287541.0,-1
1222335245.0,-1
1222287623.0,-1
1222294804.0,-1
1222285288.0,-1
1222287140.0,-1
1222296797.0,-1
1222282565.0,-1
1222282566.0,-1
1222294817.0,-1
1222287143.0,-1
1222287657.0,-1
1222335246.0,-1
1222300338.0,-1
1222288054.0,-1
1222287662.0,-1
1222287668.0,-1
1222287669.0,-1
1222335247.0,-1
1222287692.0,-1
1222287757.0,-1
1222287793.0,-1
1222335248.0,-1
1222287869.0,-1
1222282574.0,-1
1222287878.0,-1
1222335249.0,-1
1222287879.0,-1
1222287902.0,-1
1222294835.0,-1
1222287920.0,-1
1222294840.0,-1
1222294842.0,-1
1222294838.0,-1
1222287921.0,-1
1222287922.0,-1
1222294848.0,-1
1222335250.0,-1
1222287961.0,-1
1222335251.0,-1
1222294858.0,-1
1222294859.0,-1
1222294877.0,-1
1222335252.0,-1
1222287985.0,-1
1222294861.0,-1
1222288015.0,-1
1222288049.0,-1
1222288162.0,-1
1222335253.0,-1
1222288566.0,-1
1222288152.0,-1
1222335254.0,-1
1222335255.0,-1
1222282576.0,-1
1222335256.0,-1
1222294821.0,-1
1222294864.0,-1
1222287194.0,-1
1222288297.0,-1
1222288164.0,-1
1222288165.0,-1
1222300342.0,-1
1222335257.0,-1
1222300343.0,-1
1222294866.0,-1
1222285290.0,-1
1222288218.0,-1
1222288236.0,-1
1222335258.0,-1
1222288285.0,-1
1222288344.0,-1
1222288394.0,-1
1222287161.0,-1
1222294869.0,-1
1222288396.0,-1
1222294880.0,-1
1222335259.0,-1
1222294847.0,-1
1222282606.0,-1
1222288056.0,-1
1222335260.0,-1
1222288453.0,-1
1222294726.0,-1
1222285302.0,-1
1222335261.0,-1
1222285296.0,-1
1222288500.0,-1
1222288501.0,-1
1222288502.0,-1
1222282585.0,-1
1222294881.0,-1
1222288516.0,-1
1222288517.0,-1
1222294888.0,-1
1222288519.0,-1
1222300345.0,-1
1222288521.0,-1
1222288529.0,-1
1222282595.0,-1
1222282596.0,-1
1222285305.0,-1
1222287207.0,-1
1222296800.0,-1
1222296796.0,-1
1222296799.0,-1
1222335262.0,-1
1222296798.0,-1
1222296795.0,-1
1222294814.0,-1
1222294926.0,-1
1222288593.0,-1
1222288596.0,-1
1222288621.0,-1
1222335263.0,-1
1222294922.0,-1
1222288633.0,-1
1222288637.0,-1
1222285890.0,-1
1222287164.0,-1
1222335264.0,-1
1222335265.0,-1
1222282604.0,-1
1222288640.0,-1
1222300346.0,-1
1222288646.0,-1
1222335266.0,-1
1222288430.0,-1
1222298460.0,-1
1222298472.0,-1
1222288662.0,-1
1222335267.0,-1
1222288687.0,-1
1222300746.0,-1
1222294934.0,-1
1222294943.0,-1
1222283021.0,-1
1222283011.0,-1
1222335268.0,-1
1222283012.0,-1
1222293965.0,-1
1222294045.0,-1
1222291124.0,-1
1222335269.0,-1
1222286932.0,-1
1222283014.0,-1
1222283023.0,-1
1222300310.0,-1
1222335270.0,-1
1222294545.0,-1
1222283025.0,-1
1222294546.0,-1
1222283026.0,-1
1222283027.0,-1
1222283028.0,-1
1222294043.0,-1
1222294053.0,-1
1222283037.0,-1
1222294054.0,-1
1222283040.0,-1
1222294064.0,-1
1222294066.0,-1
1222335273.0,-1
1222335274.0,-1
1222283063.0,-1
1222283059.0,-1
1222283044.0,-1
1222294079.0,-1
1222335277.0,-1
1222283058.0,-1
1222335278.0,-1
1222335280.0,-1
1222335281.0,-1
1222286945.0,-1
1222335282.0,-1
1222335283.0,-1
1222335284.0,-1
1222335285.0,-1
1222335286.0,-1
1222294084.0,-1
1222335288.0,-1
1222335290.0,-1
1222285203.0,-1
1222283055.0,-1
1222335291.0,-1
1222335292.0,-1
1222335295.0,-1
1222283061.0,-1
1222335298.0,-1
1222335299.0,-1
1222335300.0,-1
1222335301.0,-1
1222335302.0,-1
1222294104.0,-1
1222285197.0,-1
1222283076.0,-1
1222292560.0,-1
1222297003.0,-1
1222297004.0,-1
1222296999.0,-1
1222298539.0,-1
1222335307.0,-1
1222335308.0,-1
1222335309.0,-1
1222335310.0,-1
1222335311.0,-1
1222335312.0,-1
1222335313.0,-1
1222335314.0,-1
1222335315.0,-1
1222292564.0,-1
1222293938.0,-1
1222335317.0,-1
1222297010.0,-1
1222297013.0,-1
1222297008.0,-1
1222294081.0,-1
1222294093.0,-1
1222298545.0,-1
1222283654.0,-1
1222294190.0,-1
1222297007.0,-1
1222293947.0,-1
1222297015.0,-1
1222293157.0,-1
1222294319.0,-1
1222298542.0,-1
1222294096.0,-1
1222297022.0,-1
1222294237.0,-1
1222335323.0,-1
1222335324.0,-1
1222335325.0,-1
1222294165.0,-1
1222297017.0,-1
1222294309.0,-1
1222294317.0,-1
1222292573.0,-1
1222335328.0,-1
1222294318.0,-1
1222294321.0,-1
1222335332.0,-1
1222292859.0,-1
1222335333.0,-1
1222281899.0,-1
1222297909.0,-1
1222281914.0,-1
1222298331.0,-1
1222308859.0,-1
1222335339.0,-1
1222298330.0,-1
1222281928.0,-1
1222293074.0,-1
1222298334.0,-1
1222335342.0,-1
1222335343.0,-1
1222335344.0,-1
1222335345.0,-1
1222308844.0,-1
1222285067.0,-1
1222335352.0,-1
1222297496.0,-1
1222296933.0,-1
1222296943.0,-1
1222296965.0,-1
1222297494.0,-1
1222297498.0,-1
1222284314.0,-1
1222335353.0,-1
1222296945.0,-1
1222297067.0,-1
1222296946.0,-1
1222297499.0,-1
1222296947.0,-1
1222335354.0,-1
1222284362.0,-1
1222297489.0,-1
1222295189.0,-1
1222335355.0,-1
1222296954.0,-1
1222296955.0,-1
1222296956.0,-1
1222297502.0,-1
1222297503.0,-1
1222297504.0,-1
1222285699.0,-1
1222335356.0,-1
1222296958.0,-1
1222292644.0,-1
1222284330.0,-1
1222335357.0,-1
1222297510.0,-1
1222296935.0,-1
1222284332.0,-1
1222296959.0,-1
1222335358.0,-1
1222292649.0,-1
1222335359.0,-1
1222297500.0,-1
1222296961.0,-1
1222296962.0,-1
1222335360.0,-1
1222297511.0,-1
1222284323.0,-1
1222294156.0,-1
1222297512.0,-1
1222335361.0,-1
1222296967.0,-1
1222296968.0,-1
1222296969.0,-1
1222296986.0,-1
1222296987.0,-1
1222296934.0,-1
1222296991.0,-1
1222297493.0,-1
1222297000.0,-1
1222297011.0,-1
1222335362.0,-1
1222297513.0,-1
1222297140.0,-1
1222297019.0,-1
1222298300.0,-1
1222335363.0,-1
1222292674.0,-1
1222335364.0,-1
1222335366.0,-1
1222297027.0,-1
1222297033.0,-1
1222335367.0,-1
1222297034.0,-1
1222335368.0,-1
1222297519.0,-1
1222297035.0,-1
1222297520.0,-1
1222335369.0,-1
1222335370.0,-1
1222335371.0,-1
1222297054.0,-1
1222297053.0,-1
1222297889.0,-1
1222297522.0,-1
1222297080.0,-1
1222335372.0,-1
1222297092.0,-1
1222297524.0,-1
1222297525.0,-1
1222294414.0,-1
1222297141.0,-1
1222297530.0,-1
1222297142.0,-1
1222335373.0,-1
1222297167.0,-1
1222335374.0,-1
1222297501.0,-1
1222297195.0,-1
1222297531.0,-1
1222297526.0,-1
1222335375.0,-1
1222284381.0,-1
1222291061.0,-1
1222291063.0,-1
1222293517.0,-1
1222293519.0,1
1222285394.0,-1
1222296869.0,1
1222287563.0,1
1222335376.0,1
1222335377.0,-1
1222335378.0,1
1222293574.0,-1
1222293575.0,-1
1222335379.0,-1
1222293576.0,-1
1222293584.0,-1
1222296921.0,-1
1222296860.0,-1
1222293588.0,-1
1222285397.0,1
1222335380.0,-1
1222283510.0,-1
1222335381.0,-1
1222293547.0,-1
1222335382.0,-1
1222335383.0,1
1222293595.0,1
1222285595.0,1
1222284443.0,-1
1222293604.0,1
1222284454.0,1
1222293710.0,-1
1222296743.0,-1
1222293708.0,-1
1222296745.0,1
1222287560.0,1
1222293634.0,1
1222296735.0,1
1222284456.0,1
1222293638.0,-1
1222293639.0,1
1222293640.0,-1
1222335384.0,-1
1222335385.0,-1
1222293649.0,1
1222296880.0,-1
1222296883.0,1
1222293794.0,-1
1222293653.0,-1
1222293661.0,-1
1222292888.0,-1
1222296884.0,-1
1222293669.0,1
1222293671.0,1
1222293672.0,1
1222293153.0,-1
1222293154.0,-1
1222292515.0,-1
1222293698.0,1
1222284835.0,-1
1222293760.0,-1
1222296887.0,1
1222293705.0,1
1222293543.0,-1
1222296896.0,-1
1222293721.0,-1
1222296894.0,-1
1222292516.0,-1
1222335386.0,-1
1222296862.0,-1
1222293723.0,-1
1222296895.0,-1
1222293731.0,-1
1222293733.0,-1
1222292517.0,-1
1222293734.0,1
1222298523.0,1
1222335387.0,-1
1222293741.0,-1
1222296886.0,-1
1222296912.0,-1
1222293748.0,-1
1222335388.0,-1
1222283552.0,1
1222293749.0,1
1222293750.0,-1
1222293752.0,-1
1222335389.0,1
1222296918.0,1
1222296851.0,1
1222335390.0,-1
1222335391.0,-1
1222335392.0,1
1222335393.0,1
1222335394.0,-1
1222335395.0,1
1222335396.0,-1
1222335397.0,-1
1222335398.0,-1
1222294136.0,1
1222335399.0,-1
1222335400.0,-1
1222335401.0,-1
1222296852.0,1
1222335402.0,-1
1222335403.0,-1
1222335404.0,-1
1222335405.0,1
1222335406.0,-1
1222335407.0,1
1222296914.0,-1
1222293758.0,1
1222296919.0,1
1222294681.0,1
1222296920.0,-1
1222293761.0,-1
1222293599.0,-1
1222335408.0,-1
1222293735.0,-1
1222282981.0,-1
1222335409.0,-1
1222285393.0,-1
1222293668.0,-1
1222335410.0,1
1222335411.0,1
1222292513.0,1
1222293769.0,-1
1222296937.0,1
1222335412.0,-1
1222296938.0,-1
1222335413.0,1
1222335414.0,-1
1222335415.0,-1
1222293813.0,-1
1222282706.0,-1
1222335416.0,-1
1222286892.0,-1
1222282716.0,-1
1222282717.0,-1
1222282720.0,-1
1222335417.0,-1
1222282738.0,-1
1222282208.0,-1
1222293817.0,-1
1222282741.0,-1
1222293818.0,-1
1222335418.0,-1
1222286771.0,-1
1222286773.0,-1
1222282019.0,-1
1222286778.0,-1
1222297917.0,-1
1222285095.0,-1
1222285767.0,-1
1222335419.0,-1
1222335420.0,-1
1222286789.0,-1
1222335421.0,-1
1222281911.0,-1
1222293214.0,-1
1222281917.0,-1
1222335422.0,-1
1222286791.0,-1
1222297918.0,-1
1222281922.0,-1
1222281923.0,-1
1222281926.0,-1
1222290959.0,-1
1222335423.0,-1
1222294404.0,-1
1222294407.0,-1
1222294133.0,-1
1222294155.0,-1
1222283232.0,-1
1222294157.0,-1
1222335425.0,-1
1222283231.0,-1
1222298412.0,-1
1222283089.0,-1
1222283092.0,-1
1222283094.0,-1
1222283099.0,-1
1222283104.0,-1
1222283116.0,-1
1222283097.0,-1
1222300317.0,-1
1222294187.0,-1
1222294196.0,-1
1222283119.0,-1
1222282413.0,-1
1222295149.0,-1
1222283123.0,-1
1222283125.0,-1
1222294212.0,-1
1222283154.0,-1
1222294214.0,-1
1222298414.0,-1
1222335428.0,-1
1222283151.0,-1
1222283161.0,-1
1222286966.0,-1
1222283156.0,-1
1222283158.0,-1
1222335430.0,-1
1222283159.0,-1
1222294164.0,-1
1222283165.0,-1
1222283166.0,-1
1222283193.0,-1
1222335434.0,-1
1222283167.0,-1
1222283172.0,-1
1222283173.0,-1
1222294226.0,-1
1222294227.0,-1
1222335435.0,-1
1222283177.0,-1
1222283186.0,-1
1222283187.0,-1
1222294236.0,-1
1222282412.0,-1
1222286951.0,-1
1222335437.0,-1
1222335438.0,-1
1222283425.0,-1
1222335440.0,-1
1222294547.0,-1
1222283220.0,-1
1222283230.0,-1
1222294267.0,-1
1222282420.0,-1
1222294276.0,-1
1222285218.0,-1
1222298415.0,-1
1222283357.0,-1
1222283360.0,-1
1222281996.0,-1
1222281763.0,-1
1222335447.0,-1
1222281769.0,-1
1222335448.0,-1
1222285085.0,-1
1222281786.0,-1
1222285733.0,-1
1222335449.0,-1
1222281927.0,-1
1222335450.0,-1
1222281929.0,-1
1222281930.0,-1
1222308864.0,-1
1222293078.0,-1
1222298335.0,-1
1222281940.0,-1
1222308866.0,-1
1222290938.0,-1
1222335453.0,-1
1222335454.0,-1
1222335455.0,-1
1222335457.0,-1
1222292434.0,-1
1222291064.0,-1
1222292440.0,-1
1222292441.0,-1
1222296730.0,-1
